[100,  100] [10,  10] [250,  250]
[100.1,  100.1] [10.2,  10.2] [250,  250.5]
[100.19999999999999,  100.19999999999999] [10.399999999999999,  10.399999999999999] [250,  251.0]
[100.29999999999998,  100.29999999999998] [10.599999999999998,  10.599999999999998] [250,  251.5]
[100.39999999999998,  100.39999999999998] [10.799999999999997,  10.799999999999997] [250,  252.0]
[100.49999999999997,  100.49999999999997] [10.999999999999996,  10.999999999999996] [250,  252.5]
[100.59999999999997,  100.59999999999997] [11.199999999999996,  11.199999999999996] [250,  253.0]
[100.69999999999996,  100.69999999999996] [11.399999999999995,  11.399999999999995] [250,  253.5]
[100.79999999999995,  100.79999999999995] [11.599999999999994,  11.599999999999994] [250,  254.0]
[100.89999999999995,  100.89999999999995] [11.799999999999994,  11.799999999999994] [250,  254.5]
[100.99999999999994,  100.99999999999994] [11.999999999999993,  11.999999999999993] [250,  255.0]
[101.09999999999994,  101.09999999999994] [12.199999999999992,  12.199999999999992] [250,  255.5]
[101.19999999999993,  101.19999999999993] [12.399999999999991,  12.399999999999991] [250,  256.0]
[101.29999999999993,  101.29999999999993] [12.59999999999999,  12.59999999999999] [250,  256.5]
[101.39999999999992,  101.39999999999992] [12.79999999999999,  12.79999999999999] [250,  257.0]
[101.49999999999991,  101.49999999999991] [12.99999999999999,  12.99999999999999] [250,  257.5]
[101.59999999999991,  101.59999999999991] [13.199999999999989,  13.199999999999989] [250,  258.0]
[101.6999999999999,  101.6999999999999] [13.399999999999988,  13.399999999999988] [250,  258.5]
[101.7999999999999,  101.7999999999999] [13.599999999999987,  13.599999999999987] [250,  259.0]
[101.89999999999989,  101.89999999999989] [13.799999999999986,  13.799999999999986] [250,  259.5]
[101.99999999999989,  101.99999999999989] [13.999999999999986,  13.999999999999986] [250,  260.0]
[102.09999999999988,  102.09999999999988] [14.199999999999985,  14.199999999999985] [250,  260.5]
[102.19999999999987,  102.19999999999987] [14.399999999999984,  14.399999999999984] [250,  261.0]
[102.29999999999987,  102.29999999999987] [14.599999999999984,  14.599999999999984] [250,  261.5]
[102.39999999999986,  102.39999999999986] [14.799999999999983,  14.799999999999983] [250,  262.0]
[102.49999999999986,  102.49999999999986] [14.999999999999982,  14.999999999999982] [250,  262.5]
[102.59999999999985,  102.59999999999985] [15.199999999999982,  15.199999999999982] [250,  263.0]
[102.69999999999985,  102.69999999999985] [15.39999999999998,  15.39999999999998] [250,  263.5]
[102.79999999999984,  102.79999999999984] [15.59999999999998,  15.59999999999998] [250,  264.0]
[102.89999999999984,  102.89999999999984] [15.79999999999998,  15.79999999999998] [250,  264.5]
[102.99999999999983,  102.99999999999983] [15.999999999999979,  15.999999999999979] [250,  265.0]
[103.09999999999982,  103.09999999999982] [16.199999999999978,  16.199999999999978] [250,  265.5]
[103.19999999999982,  103.19999999999982] [16.399999999999977,  16.399999999999977] [250,  266.0]
[103.29999999999981,  103.29999999999981] [16.599999999999977,  16.599999999999977] [250,  266.5]
[103.3999999999998,  103.3999999999998] [16.799999999999976,  16.799999999999976] [250,  267.0]
[103.4999999999998,  103.4999999999998] [16.999999999999975,  16.999999999999975] [250,  267.5]
[103.5999999999998,  103.5999999999998] [17.199999999999974,  17.199999999999974] [250,  268.0]
[103.69999999999979,  103.69999999999979] [17.399999999999974,  17.399999999999974] [250,  268.5]
[103.79999999999978,  103.79999999999978] [17.599999999999973,  17.599999999999973] [250,  269.0]
[103.89999999999978,  103.89999999999978] [17.799999999999972,  17.799999999999972] [250,  269.5]
[103.99999999999977,  103.99999999999977] [17.99999999999997,  17.99999999999997] [250,  270.0]
[104.09999999999977,  104.09999999999977] [18.19999999999997,  18.19999999999997] [250,  270.5]
[104.19999999999976,  104.19999999999976] [18.39999999999997,  18.39999999999997] [250,  271.0]
[104.29999999999976,  104.29999999999976] [18.59999999999997,  18.59999999999997] [250,  271.5]
[104.39999999999975,  104.39999999999975] [18.79999999999997,  18.79999999999997] [250,  272.0]
[104.49999999999974,  104.49999999999974] [18.999999999999968,  18.999999999999968] [250,  272.5]
[104.59999999999974,  104.59999999999974] [19.199999999999967,  19.199999999999967] [250,  273.0]
[104.69999999999973,  104.69999999999973] [19.399999999999967,  19.399999999999967] [250,  273.5]
[104.79999999999973,  104.79999999999973] [19.599999999999966,  19.599999999999966] [250,  274.0]
[104.89999999999972,  104.89999999999972] [19.799999999999965,  19.799999999999965] [250,  274.5]
[104.99999999999972,  104.99999999999972] [19.999999999999964,  19.999999999999964] [250,  275.0]
[105.09999999999971,  105.09999999999971] [20.199999999999964,  20.199999999999964] [250,  275.5]
[105.1999999999997,  105.1999999999997] [20.399999999999963,  20.399999999999963] [250,  276.0]
[105.2999999999997,  105.2999999999997] [20.599999999999962,  20.599999999999962] [250,  276.5]
[105.3999999999997,  105.3999999999997] [20.79999999999996,  20.79999999999996] [250,  277.0]
[105.49999999999969,  105.49999999999969] [20.99999999999996,  20.99999999999996] [250,  277.5]
[105.59999999999968,  105.59999999999968] [21.19999999999996,  21.19999999999996] [250,  278.0]
[105.69999999999968,  105.69999999999968] [21.39999999999996,  21.39999999999996] [250,  278.5]
[105.79999999999967,  105.79999999999967] [21.59999999999996,  21.59999999999996] [250,  279.0]
[105.89999999999966,  105.89999999999966] [21.799999999999958,  21.799999999999958] [250,  279.5]
[105.99999999999966,  105.99999999999966] [21.999999999999957,  21.999999999999957] [250,  280.0]
[106.09999999999965,  106.09999999999965] [22.199999999999957,  22.199999999999957] [250,  280.5]
[106.19999999999965,  106.19999999999965] [22.399999999999956,  22.399999999999956] [250,  281.0]
[106.29999999999964,  106.29999999999964] [22.599999999999955,  22.599999999999955] [250,  281.5]
[106.39999999999964,  106.39999999999964] [22.799999999999955,  22.799999999999955] [250,  282.0]
[106.49999999999963,  106.49999999999963] [22.999999999999954,  22.999999999999954] [250,  282.5]
[106.59999999999962,  106.59999999999962] [23.199999999999953,  23.199999999999953] [250,  283.0]
[106.69999999999962,  106.69999999999962] [23.399999999999952,  23.399999999999952] [250,  283.5]
[106.79999999999961,  106.79999999999961] [23.59999999999995,  23.59999999999995] [250,  284.0]
[106.89999999999961,  106.89999999999961] [23.79999999999995,  23.79999999999995] [250,  284.5]
[106.9999999999996,  106.9999999999996] [23.99999999999995,  23.99999999999995] [250,  285.0]
[107.0999999999996,  107.0999999999996] [24.19999999999995,  24.19999999999995] [250,  285.5]
[107.19999999999959,  107.19999999999959] [24.39999999999995,  24.39999999999995] [250,  286.0]
[107.29999999999959,  107.29999999999959] [24.599999999999948,  24.599999999999948] [250,  286.5]
[107.39999999999958,  107.39999999999958] [24.799999999999947,  24.799999999999947] [250,  287.0]
[107.49999999999957,  107.49999999999957] [24.999999999999947,  24.999999999999947] [250,  287.5]
[107.59999999999957,  107.59999999999957] [25.199999999999946,  25.199999999999946] [250,  288.0]
[107.69999999999956,  107.69999999999956] [25.399999999999945,  25.399999999999945] [250,  288.5]
[107.79999999999956,  107.79999999999956] [25.599999999999945,  25.599999999999945] [250,  289.0]
[107.89999999999955,  107.89999999999955] [25.799999999999944,  25.799999999999944] [250,  289.5]
[107.99999999999955,  107.99999999999955] [25.999999999999943,  25.999999999999943] [250,  290.0]
[108.09999999999954,  108.09999999999954] [26.199999999999942,  26.199999999999942] [250,  290.5]
[108.19999999999953,  108.19999999999953] [26.39999999999994,  26.39999999999994] [250,  291.0]
[108.29999999999953,  108.29999999999953] [26.59999999999994,  26.59999999999994] [250,  291.5]
[108.39999999999952,  108.39999999999952] [26.79999999999994,  26.79999999999994] [250,  292.0]
[108.49999999999952,  108.49999999999952] [26.99999999999994,  26.99999999999994] [250,  292.5]
[108.59999999999951,  108.59999999999951] [27.19999999999994,  27.19999999999994] [250,  293.0]
[108.6999999999995,  108.6999999999995] [27.399999999999938,  27.399999999999938] [250,  293.5]
[108.7999999999995,  108.7999999999995] [27.599999999999937,  27.599999999999937] [250,  294.0]
[108.8999999999995,  108.8999999999995] [27.799999999999937,  27.799999999999937] [250,  294.5]
[108.99999999999949,  108.99999999999949] [27.999999999999936,  27.999999999999936] [250,  295.0]
[109.09999999999948,  109.09999999999948] [28.199999999999935,  28.199999999999935] [250,  295.5]
[109.19999999999948,  109.19999999999948] [28.399999999999935,  28.399999999999935] [250,  296.0]
[109.29999999999947,  109.29999999999947] [28.599999999999934,  28.599999999999934] [250,  296.5]
[109.39999999999947,  109.39999999999947] [28.799999999999933,  28.799999999999933] [250,  297.0]
[109.49999999999946,  109.49999999999946] [28.999999999999932,  28.999999999999932] [250,  297.5]
[109.59999999999945,  109.59999999999945] [29.199999999999932,  29.199999999999932] [250,  298.0]
[109.69999999999945,  109.69999999999945] [29.39999999999993,  29.39999999999993] [250,  298.5]
[109.79999999999944,  109.79999999999944] [29.59999999999993,  29.59999999999993] [250,  299.0]
[109.89999999999944,  109.89999999999944] [29.79999999999993,  29.79999999999993] [250,  299.5]
[109.99999999999943,  109.99999999999943] [29.99999999999993,  29.99999999999993] [250,  300.0]
[110.09999999999943,  110.09999999999943] [30.19999999999993,  30.19999999999993] [250,  300.5]
[110.19999999999942,  110.19999999999942] [30.399999999999928,  30.399999999999928] [250,  301.0]
[110.29999999999941,  110.29999999999941] [30.599999999999927,  30.599999999999927] [250,  301.5]
[110.39999999999941,  110.39999999999941] [30.799999999999926,  30.799999999999926] [250,  302.0]
[110.4999999999994,  110.4999999999994] [30.999999999999925,  30.999999999999925] [250,  302.5]
[110.5999999999994,  110.5999999999994] [31.199999999999925,  31.199999999999925] [250,  303.0]
[110.69999999999939,  110.69999999999939] [31.399999999999924,  31.399999999999924] [250,  303.5]
[110.79999999999939,  110.79999999999939] [31.599999999999923,  31.599999999999923] [250,  304.0]
[110.89999999999938,  110.89999999999938] [31.799999999999923,  31.799999999999923] [250,  304.5]
[110.99999999999937,  110.99999999999937] [31.999999999999922,  31.999999999999922] [250,  305.0]
[111.09999999999937,  111.09999999999937] [32.199999999999925,  32.199999999999925] [250,  305.5]
[111.19999999999936,  111.19999999999936] [32.39999999999993,  32.39999999999993] [250,  306.0]
[111.29999999999936,  111.29999999999936] [32.59999999999993,  32.59999999999993] [250,  306.5]
[111.39999999999935,  111.39999999999935] [32.79999999999993,  32.79999999999993] [250,  307.0]
[111.49999999999935,  111.49999999999935] [32.999999999999936,  32.999999999999936] [250,  307.5]
[111.59999999999934,  111.59999999999934] [33.19999999999994,  33.19999999999994] [250,  308.0]
[111.69999999999933,  111.69999999999933] [33.39999999999994,  33.39999999999994] [250,  308.5]
[111.79999999999933,  111.79999999999933] [33.599999999999945,  33.599999999999945] [250,  309.0]
[111.89999999999932,  111.89999999999932] [33.79999999999995,  33.79999999999995] [250,  309.5]
[111.99999999999932,  111.99999999999932] [33.99999999999995,  33.99999999999995] [250,  310.0]
[112.09999999999931,  112.09999999999931] [34.19999999999995,  34.19999999999995] [250,  310.5]
[112.1999999999993,  112.1999999999993] [34.399999999999956,  34.399999999999956] [250,  311.0]
[112.2999999999993,  112.2999999999993] [34.59999999999996,  34.59999999999996] [250,  311.5]
[112.3999999999993,  112.3999999999993] [34.79999999999996,  34.79999999999996] [250,  312.0]
[112.49999999999929,  112.49999999999929] [34.999999999999964,  34.999999999999964] [250,  312.5]
[112.59999999999928,  112.59999999999928] [35.19999999999997,  35.19999999999997] [250,  313.0]
[112.69999999999928,  112.69999999999928] [35.39999999999997,  35.39999999999997] [250,  313.5]
[112.79999999999927,  112.79999999999927] [35.59999999999997,  35.59999999999997] [250,  314.0]
[112.89999999999927,  112.89999999999927] [35.799999999999976,  35.799999999999976] [250,  314.5]
[112.99999999999926,  112.99999999999926] [35.99999999999998,  35.99999999999998] [250,  315.0]
[113.09999999999926,  113.09999999999926] [36.19999999999998,  36.19999999999998] [250,  315.5]
[113.19999999999925,  113.19999999999925] [36.399999999999984,  36.399999999999984] [250,  316.0]
[113.29999999999924,  113.29999999999924] [36.59999999999999,  36.59999999999999] [250,  316.5]
[113.39999999999924,  113.39999999999924] [36.79999999999999,  36.79999999999999] [250,  317.0]
[113.49999999999923,  113.49999999999923] [36.99999999999999,  36.99999999999999] [250,  317.5]
[113.59999999999923,  113.59999999999923] [37.199999999999996,  37.199999999999996] [250,  318.0]
[113.69999999999922,  113.69999999999922] [37.4,  37.4] [250,  318.5]
[113.79999999999922,  113.79999999999922] [37.6,  37.6] [250,  319.0]
[113.89999999999921,  113.89999999999921] [37.800000000000004,  37.800000000000004] [250,  319.5]
[113.9999999999992,  113.9999999999992] [38.00000000000001,  38.00000000000001] [250,  320.0]
[114.0999999999992,  114.0999999999992] [38.20000000000001,  38.20000000000001] [250,  320.5]
[114.19999999999919,  114.19999999999919] [38.40000000000001,  38.40000000000001] [250,  321.0]
[114.29999999999919,  114.29999999999919] [38.600000000000016,  38.600000000000016] [250,  321.5]
[114.39999999999918,  114.39999999999918] [38.80000000000002,  38.80000000000002] [250,  322.0]
[114.49999999999918,  114.49999999999918] [39.00000000000002,  39.00000000000002] [250,  322.5]
[114.59999999999917,  114.59999999999917] [39.200000000000024,  39.200000000000024] [250,  323.0]
[114.69999999999916,  114.69999999999916] [39.40000000000003,  39.40000000000003] [250,  323.5]
[114.79999999999916,  114.79999999999916] [39.60000000000003,  39.60000000000003] [250,  324.0]
[114.89999999999915,  114.89999999999915] [39.80000000000003,  39.80000000000003] [250,  324.5]
[114.99999999999915,  114.99999999999915] [40.000000000000036,  40.000000000000036] [250,  325.0]
[115.09999999999914,  115.09999999999914] [40.20000000000004,  40.20000000000004] [250,  325.5]
[115.19999999999914,  115.19999999999914] [40.40000000000004,  40.40000000000004] [250,  326.0]
[115.29999999999913,  115.29999999999913] [40.600000000000044,  40.600000000000044] [250,  326.5]
[115.39999999999912,  115.39999999999912] [40.80000000000005,  40.80000000000005] [250,  327.0]
[115.49999999999912,  115.49999999999912] [41.00000000000005,  41.00000000000005] [250,  327.5]
[115.59999999999911,  115.59999999999911] [41.20000000000005,  41.20000000000005] [250,  328.0]
[115.69999999999911,  115.69999999999911] [41.400000000000055,  41.400000000000055] [250,  328.5]
[115.7999999999991,  115.7999999999991] [41.60000000000006,  41.60000000000006] [250,  329.0]
[115.8999999999991,  115.8999999999991] [41.80000000000006,  41.80000000000006] [250,  329.5]
[115.99999999999909,  115.99999999999909] [42.000000000000064,  42.000000000000064] [250,  330.0]
[116.09999999999908,  116.09999999999908] [42.20000000000007,  42.20000000000007] [250,  330.5]
[116.19999999999908,  116.19999999999908] [42.40000000000007,  42.40000000000007] [250,  331.0]
[116.29999999999907,  116.29999999999907] [42.60000000000007,  42.60000000000007] [250,  331.5]
[116.39999999999907,  116.39999999999907] [42.800000000000075,  42.800000000000075] [250,  332.0]
[116.49999999999906,  116.49999999999906] [43.00000000000008,  43.00000000000008] [250,  332.5]
[116.59999999999906,  116.59999999999906] [43.20000000000008,  43.20000000000008] [250,  333.0]
[116.69999999999905,  116.69999999999905] [43.400000000000084,  43.400000000000084] [250,  333.5]
[116.79999999999905,  116.79999999999905] [43.60000000000009,  43.60000000000009] [250,  334.0]
[116.89999999999904,  116.89999999999904] [43.80000000000009,  43.80000000000009] [250,  334.5]
[116.99999999999903,  116.99999999999903] [44.00000000000009,  44.00000000000009] [250,  335.0]
[117.09999999999903,  117.09999999999903] [44.200000000000095,  44.200000000000095] [250,  335.5]
[117.19999999999902,  117.19999999999902] [44.4000000000001,  44.4000000000001] [250,  336.0]
[117.29999999999902,  117.29999999999902] [44.6000000000001,  44.6000000000001] [250,  336.5]
[117.39999999999901,  117.39999999999901] [44.800000000000104,  44.800000000000104] [250,  337.0]
[117.499999999999,  117.499999999999] [45.00000000000011,  45.00000000000011] [250,  337.5]
[117.599999999999,  117.599999999999] [45.20000000000011,  45.20000000000011] [250,  338.0]
[117.699999999999,  117.699999999999] [45.40000000000011,  45.40000000000011] [250,  338.5]
[117.79999999999899,  117.79999999999899] [45.600000000000115,  45.600000000000115] [250,  339.0]
[117.89999999999898,  117.89999999999898] [45.80000000000012,  45.80000000000012] [250,  339.5]
[117.99999999999898,  117.99999999999898] [46.00000000000012,  46.00000000000012] [250,  340.0]
[118.09999999999897,  118.09999999999897] [46.200000000000124,  46.200000000000124] [250,  340.5]
[118.19999999999897,  118.19999999999897] [46.40000000000013,  46.40000000000013] [250,  341.0]
[118.29999999999896,  118.29999999999896] [46.60000000000013,  46.60000000000013] [250,  341.5]
[118.39999999999895,  118.39999999999895] [46.80000000000013,  46.80000000000013] [250,  342.0]
[118.49999999999895,  118.49999999999895] [47.000000000000135,  47.000000000000135] [250,  342.5]
[118.59999999999894,  118.59999999999894] [47.20000000000014,  47.20000000000014] [250,  343.0]
[118.69999999999894,  118.69999999999894] [47.40000000000014,  47.40000000000014] [250,  343.5]
[118.79999999999893,  118.79999999999893] [47.60000000000014,  47.60000000000014] [250,  344.0]
[118.89999999999893,  118.89999999999893] [47.800000000000146,  47.800000000000146] [250,  344.5]
[118.99999999999892,  118.99999999999892] [48.00000000000015,  48.00000000000015] [250,  345.0]
[119.09999999999891,  119.09999999999891] [48.20000000000015,  48.20000000000015] [250,  345.5]
[119.19999999999891,  119.19999999999891] [48.400000000000155,  48.400000000000155] [250,  346.0]
[119.2999999999989,  119.2999999999989] [48.60000000000016,  48.60000000000016] [250,  346.5]
[119.3999999999989,  119.3999999999989] [48.80000000000016,  48.80000000000016] [250,  347.0]
[119.49999999999889,  119.49999999999889] [49.00000000000016,  49.00000000000016] [250,  347.5]
[119.59999999999889,  119.59999999999889] [49.200000000000166,  49.200000000000166] [250,  348.0]
[119.69999999999888,  119.69999999999888] [49.40000000000017,  49.40000000000017] [250,  348.5]
[119.79999999999887,  119.79999999999887] [49.60000000000017,  49.60000000000017] [250,  349.0]
[119.89999999999887,  119.89999999999887] [49.800000000000175,  49.800000000000175] [250,  349.5]
[119.99999999999886,  119.99999999999886] [50.00000000000018,  50.00000000000018] [250,  350.0]
[120.09999999999886,  120.09999999999886] [50.20000000000018,  50.20000000000018] [250,  350.5]
[120.19999999999885,  120.19999999999885] [50.40000000000018,  50.40000000000018] [250,  351.0]
[120.29999999999885,  120.29999999999885] [50.600000000000186,  50.600000000000186] [250,  351.5]
[120.39999999999884,  120.39999999999884] [50.80000000000019,  50.80000000000019] [250,  352.0]
[120.49999999999883,  120.49999999999883] [51.00000000000019,  51.00000000000019] [250,  352.5]
[120.59999999999883,  120.59999999999883] [51.200000000000195,  51.200000000000195] [250,  353.0]
[120.69999999999882,  120.69999999999882] [51.4000000000002,  51.4000000000002] [250,  353.5]
[120.79999999999882,  120.79999999999882] [51.6000000000002,  51.6000000000002] [250,  354.0]
[120.89999999999881,  120.89999999999881] [51.8000000000002,  51.8000000000002] [250,  354.5]
[120.9999999999988,  120.9999999999988] [52.000000000000206,  52.000000000000206] [250,  355.0]
[121.0999999999988,  121.0999999999988] [52.20000000000021,  52.20000000000021] [250,  355.5]
[121.1999999999988,  121.1999999999988] [52.40000000000021,  52.40000000000021] [250,  356.0]
[121.29999999999879,  121.29999999999879] [52.600000000000215,  52.600000000000215] [250,  356.5]
[121.39999999999878,  121.39999999999878] [52.80000000000022,  52.80000000000022] [250,  357.0]
[121.49999999999878,  121.49999999999878] [53.00000000000022,  53.00000000000022] [250,  357.5]
[121.59999999999877,  121.59999999999877] [53.20000000000022,  53.20000000000022] [250,  358.0]
[121.69999999999877,  121.69999999999877] [53.400000000000226,  53.400000000000226] [250,  358.5]
[121.79999999999876,  121.79999999999876] [53.60000000000023,  53.60000000000023] [250,  359.0]
[121.89999999999876,  121.89999999999876] [53.80000000000023,  53.80000000000023] [250,  359.5]
[121.99999999999875,  121.99999999999875] [54.000000000000234,  54.000000000000234] [250,  360.0]
[122.09999999999874,  122.09999999999874] [54.20000000000024,  54.20000000000024] [250,  360.5]
[122.19999999999874,  122.19999999999874] [54.40000000000024,  54.40000000000024] [250,  361.0]
[122.29999999999873,  122.29999999999873] [54.60000000000024,  54.60000000000024] [250,  361.5]
[122.39999999999873,  122.39999999999873] [54.800000000000246,  54.800000000000246] [250,  362.0]
[122.49999999999872,  122.49999999999872] [55.00000000000025,  55.00000000000025] [250,  362.5]
[122.59999999999872,  122.59999999999872] [55.20000000000025,  55.20000000000025] [250,  363.0]
[122.69999999999871,  122.69999999999871] [55.400000000000254,  55.400000000000254] [250,  363.5]
[122.7999999999987,  122.7999999999987] [55.60000000000026,  55.60000000000026] [250,  364.0]
[122.8999999999987,  122.8999999999987] [55.80000000000026,  55.80000000000026] [250,  364.5]
[122.99999999999869,  122.99999999999869] [56.00000000000026,  56.00000000000026] [250,  365.0]
[123.09999999999869,  123.09999999999869] [56.200000000000266,  56.200000000000266] [250,  365.5]
[123.19999999999868,  123.19999999999868] [56.40000000000027,  56.40000000000027] [250,  366.0]
[123.29999999999868,  123.29999999999868] [56.60000000000027,  56.60000000000027] [250,  366.5]
[123.39999999999867,  123.39999999999867] [56.800000000000274,  56.800000000000274] [250,  367.0]
[123.49999999999866,  123.49999999999866] [57.00000000000028,  57.00000000000028] [250,  367.5]
[123.59999999999866,  123.59999999999866] [57.20000000000028,  57.20000000000028] [250,  368.0]
[123.69999999999865,  123.69999999999865] [57.40000000000028,  57.40000000000028] [250,  368.5]
[123.79999999999865,  123.79999999999865] [57.600000000000286,  57.600000000000286] [250,  369.0]
[123.89999999999864,  123.89999999999864] [57.80000000000029,  57.80000000000029] [250,  369.5]
[123.99999999999864,  123.99999999999864] [58.00000000000029,  58.00000000000029] [250,  370.0]
[124.09999999999863,  124.09999999999863] [58.200000000000294,  58.200000000000294] [250,  370.5]
[124.19999999999862,  124.19999999999862] [58.4000000000003,  58.4000000000003] [250,  371.0]
[124.29999999999862,  124.29999999999862] [58.6000000000003,  58.6000000000003] [250,  371.5]
[124.39999999999861,  124.39999999999861] [58.8000000000003,  58.8000000000003] [250,  372.0]
[124.49999999999861,  124.49999999999861] [59.000000000000306,  59.000000000000306] [250,  372.5]
[124.5999999999986,  124.5999999999986] [59.20000000000031,  59.20000000000031] [250,  373.0]
[124.6999999999986,  124.6999999999986] [59.40000000000031,  59.40000000000031] [250,  373.5]
[124.79999999999859,  124.79999999999859] [59.600000000000314,  59.600000000000314] [250,  374.0]
[124.89999999999858,  124.89999999999858] [59.80000000000032,  59.80000000000032] [250,  374.5]
[124.99999999999858,  124.99999999999858] [60.00000000000032,  60.00000000000032] [250,  375.0]
[125.09999999999857,  125.09999999999857] [60.20000000000032,  60.20000000000032] [250,  375.5]
[125.19999999999857,  125.19999999999857] [60.400000000000325,  60.400000000000325] [250,  376.0]
[125.29999999999856,  125.29999999999856] [60.60000000000033,  60.60000000000033] [250,  376.5]
[125.39999999999856,  125.39999999999856] [60.80000000000033,  60.80000000000033] [250,  377.0]
[125.49999999999855,  125.49999999999855] [61.000000000000334,  61.000000000000334] [250,  377.5]
[125.59999999999854,  125.59999999999854] [61.20000000000034,  61.20000000000034] [250,  378.0]
[125.69999999999854,  125.69999999999854] [61.40000000000034,  61.40000000000034] [250,  378.5]
[125.79999999999853,  125.79999999999853] [61.60000000000034,  61.60000000000034] [250,  379.0]
[125.89999999999853,  125.89999999999853] [61.800000000000345,  61.800000000000345] [250,  379.5]
[125.99999999999852,  125.99999999999852] [62.00000000000035,  62.00000000000035] [250,  380.0]
[126.09999999999852,  126.09999999999852] [62.20000000000035,  62.20000000000035] [250,  380.5]
[126.19999999999851,  126.19999999999851] [62.400000000000354,  62.400000000000354] [250,  381.0]
[126.2999999999985,  126.2999999999985] [62.60000000000036,  62.60000000000036] [250,  381.5]
[126.3999999999985,  126.3999999999985] [62.80000000000036,  62.80000000000036] [250,  382.0]
[126.4999999999985,  126.4999999999985] [63.00000000000036,  63.00000000000036] [250,  382.5]
[126.59999999999849,  126.59999999999849] [63.200000000000365,  63.200000000000365] [250,  383.0]
[126.69999999999848,  126.69999999999848] [63.40000000000037,  63.40000000000037] [250,  383.5]
[126.79999999999848,  126.79999999999848] [63.60000000000037,  63.60000000000037] [250,  384.0]
[126.89999999999847,  126.89999999999847] [63.800000000000374,  63.800000000000374] [250,  384.5]
[126.99999999999847,  126.99999999999847] [64.00000000000037,  64.00000000000037] [250,  385.0]
[127.09999999999846,  127.09999999999846] [64.20000000000037,  64.20000000000037] [250,  385.5]
[127.19999999999845,  127.19999999999845] [64.40000000000038,  64.40000000000038] [250,  386.0]
[127.29999999999845,  127.29999999999845] [64.60000000000038,  64.60000000000038] [250,  386.5]
[127.39999999999844,  127.39999999999844] [64.80000000000038,  64.80000000000038] [250,  387.0]
[127.49999999999844,  127.49999999999844] [65.00000000000038,  65.00000000000038] [250,  387.5]
[127.59999999999843,  127.59999999999843] [65.20000000000039,  65.20000000000039] [250,  388.0]
[127.69999999999843,  127.69999999999843] [65.40000000000039,  65.40000000000039] [250,  388.5]
[127.79999999999842,  127.79999999999842] [65.60000000000039,  65.60000000000039] [250,  389.0]
[127.89999999999841,  127.89999999999841] [65.8000000000004,  65.8000000000004] [250,  389.5]
[127.99999999999841,  127.99999999999841] [66.0000000000004,  66.0000000000004] [250,  390.0]
[128.0999999999984,  128.0999999999984] [66.2000000000004,  66.2000000000004] [250,  390.5]
[128.1999999999984,  128.1999999999984] [66.4000000000004,  66.4000000000004] [250,  391.0]
[128.2999999999984,  128.2999999999984] [66.6000000000004,  66.6000000000004] [250,  391.5]
[128.39999999999839,  128.39999999999839] [66.80000000000041,  66.80000000000041] [250,  392.0]
[128.49999999999838,  128.49999999999838] [67.00000000000041,  67.00000000000041] [250,  392.5]
[128.59999999999837,  128.59999999999837] [67.20000000000041,  67.20000000000041] [250,  393.0]
[128.69999999999837,  128.69999999999837] [67.40000000000042,  67.40000000000042] [250,  393.5]
[128.79999999999836,  128.79999999999836] [67.60000000000042,  67.60000000000042] [250,  394.0]
[128.89999999999836,  128.89999999999836] [67.80000000000042,  67.80000000000042] [250,  394.5]
[128.99999999999835,  128.99999999999835] [68.00000000000043,  68.00000000000043] [250,  395.0]
[129.09999999999835,  129.09999999999835] [68.20000000000043,  68.20000000000043] [250,  395.5]
[129.19999999999834,  129.19999999999834] [68.40000000000043,  68.40000000000043] [250,  396.0]
[129.29999999999833,  129.29999999999833] [68.60000000000043,  68.60000000000043] [250,  396.5]
[129.39999999999833,  129.39999999999833] [68.80000000000044,  68.80000000000044] [250,  397.0]
[129.49999999999832,  129.49999999999832] [69.00000000000044,  69.00000000000044] [250,  397.5]
[129.59999999999832,  129.59999999999832] [69.20000000000044,  69.20000000000044] [250,  398.0]
[129.6999999999983,  129.6999999999983] [69.40000000000045,  69.40000000000045] [250,  398.5]
[129.7999999999983,  129.7999999999983] [69.60000000000045,  69.60000000000045] [250,  399.0]
[129.8999999999983,  129.8999999999983] [69.80000000000045,  69.80000000000045] [250,  399.5]
[129.9999999999983,  129.9999999999983] [70.00000000000045,  70.00000000000045] [250,  400.0]
[130.0999999999983,  130.0999999999983] [70.20000000000046,  70.20000000000046] [250,  400.5]
[130.19999999999828,  130.19999999999828] [70.40000000000046,  70.40000000000046] [250,  401.0]
[130.29999999999828,  130.29999999999828] [70.60000000000046,  70.60000000000046] [250,  401.5]
[130.39999999999827,  130.39999999999827] [70.80000000000047,  70.80000000000047] [250,  402.0]
[130.49999999999827,  130.49999999999827] [71.00000000000047,  71.00000000000047] [250,  402.5]
[130.59999999999826,  130.59999999999826] [71.20000000000047,  71.20000000000047] [250,  403.0]
[130.69999999999825,  130.69999999999825] [71.40000000000047,  71.40000000000047] [250,  403.5]
[130.79999999999825,  130.79999999999825] [71.60000000000048,  71.60000000000048] [250,  404.0]
[130.89999999999824,  130.89999999999824] [71.80000000000048,  71.80000000000048] [250,  404.5]
[130.99999999999824,  130.99999999999824] [72.00000000000048,  72.00000000000048] [250,  405.0]
[131.09999999999823,  131.09999999999823] [72.20000000000049,  72.20000000000049] [250,  405.5]
[131.19999999999823,  131.19999999999823] [72.40000000000049,  72.40000000000049] [250,  406.0]
[131.29999999999822,  131.29999999999822] [72.60000000000049,  72.60000000000049] [250,  406.5]
[131.39999999999822,  131.39999999999822] [72.8000000000005,  72.8000000000005] [250,  407.0]
[131.4999999999982,  131.4999999999982] [73.0000000000005,  73.0000000000005] [250,  407.5]
[131.5999999999982,  131.5999999999982] [73.2000000000005,  73.2000000000005] [250,  408.0]
[131.6999999999982,  131.6999999999982] [73.4000000000005,  73.4000000000005] [250,  408.5]
[131.7999999999982,  131.7999999999982] [73.6000000000005,  73.6000000000005] [250,  409.0]
[131.8999999999982,  131.8999999999982] [73.80000000000051,  73.80000000000051] [250,  409.5]
[131.99999999999818,  131.99999999999818] [74.00000000000051,  74.00000000000051] [250,  410.0]
[132.09999999999818,  132.09999999999818] [74.20000000000051,  74.20000000000051] [250,  410.5]
[132.19999999999817,  132.19999999999817] [74.40000000000052,  74.40000000000052] [250,  411.0]
[132.29999999999816,  132.29999999999816] [74.60000000000052,  74.60000000000052] [250,  411.5]
[132.39999999999816,  132.39999999999816] [74.80000000000052,  74.80000000000052] [250,  412.0]
[132.49999999999815,  132.49999999999815] [75.00000000000053,  75.00000000000053] [250,  412.5]
[132.59999999999815,  132.59999999999815] [75.20000000000053,  75.20000000000053] [250,  413.0]
[132.69999999999814,  132.69999999999814] [75.40000000000053,  75.40000000000053] [250,  413.5]
[132.79999999999814,  132.79999999999814] [75.60000000000053,  75.60000000000053] [250,  414.0]
[132.89999999999813,  132.89999999999813] [75.80000000000054,  75.80000000000054] [250,  414.5]
[132.99999999999812,  132.99999999999812] [76.00000000000054,  76.00000000000054] [250,  415.0]
[133.09999999999812,  133.09999999999812] [76.20000000000054,  76.20000000000054] [250,  415.5]
[133.1999999999981,  133.1999999999981] [76.40000000000055,  76.40000000000055] [250,  416.0]
[133.2999999999981,  133.2999999999981] [76.60000000000055,  76.60000000000055] [250,  416.5]
[133.3999999999981,  133.3999999999981] [76.80000000000055,  76.80000000000055] [250,  417.0]
[133.4999999999981,  133.4999999999981] [77.00000000000055,  77.00000000000055] [250,  417.5]
[133.5999999999981,  133.5999999999981] [77.20000000000056,  77.20000000000056] [250,  418.0]
[133.69999999999808,  133.69999999999808] [77.40000000000056,  77.40000000000056] [250,  418.5]
[133.79999999999808,  133.79999999999808] [77.60000000000056,  77.60000000000056] [250,  419.0]
[133.89999999999807,  133.89999999999807] [77.80000000000057,  77.80000000000057] [250,  419.5]
[133.99999999999807,  133.99999999999807] [78.00000000000057,  78.00000000000057] [250,  420.0]
[134.09999999999806,  134.09999999999806] [78.20000000000057,  78.20000000000057] [250,  420.5]
[134.19999999999806,  134.19999999999806] [78.40000000000057,  78.40000000000057] [250,  421.0]
[134.29999999999805,  134.29999999999805] [78.60000000000058,  78.60000000000058] [250,  421.5]
[134.39999999999804,  134.39999999999804] [78.80000000000058,  78.80000000000058] [250,  422.0]
[134.49999999999804,  134.49999999999804] [79.00000000000058,  79.00000000000058] [250,  422.5]
[134.59999999999803,  134.59999999999803] [79.20000000000059,  79.20000000000059] [250,  423.0]
[134.69999999999803,  134.69999999999803] [79.40000000000059,  79.40000000000059] [250,  423.5]
[134.79999999999802,  134.79999999999802] [79.60000000000059,  79.60000000000059] [250,  424.0]
[134.89999999999802,  134.89999999999802] [79.8000000000006,  79.8000000000006] [250,  424.5]
[134.999999999998,  134.999999999998] [80.0000000000006,  80.0000000000006] [250,  425.0]
[135.099999999998,  135.099999999998] [80.2000000000006,  80.2000000000006] [250,  425.5]
[135.199999999998,  135.199999999998] [80.4000000000006,  80.4000000000006] [250,  426.0]
[135.299999999998,  135.299999999998] [80.6000000000006,  80.6000000000006] [250,  426.5]
[135.399999999998,  135.399999999998] [80.80000000000061,  80.80000000000061] [250,  427.0]
[135.49999999999798,  135.49999999999798] [81.00000000000061,  81.00000000000061] [250,  427.5]
[135.59999999999798,  135.59999999999798] [81.20000000000061,  81.20000000000061] [250,  428.0]
[135.69999999999797,  135.69999999999797] [81.40000000000062,  81.40000000000062] [250,  428.5]
[135.79999999999797,  135.79999999999797] [81.60000000000062,  81.60000000000062] [250,  429.0]
[135.89999999999796,  135.89999999999796] [81.80000000000062,  81.80000000000062] [250,  429.5]
[135.99999999999795,  135.99999999999795] [82.00000000000063,  82.00000000000063] [250,  430.0]
[136.09999999999795,  136.09999999999795] [82.20000000000063,  82.20000000000063] [250,  430.5]
[136.19999999999794,  136.19999999999794] [82.40000000000063,  82.40000000000063] [250,  431.0]
[136.29999999999794,  136.29999999999794] [82.60000000000063,  82.60000000000063] [250,  431.5]
[136.39999999999793,  136.39999999999793] [82.80000000000064,  82.80000000000064] [250,  432.0]
[136.49999999999793,  136.49999999999793] [83.00000000000064,  83.00000000000064] [250,  432.5]
[136.59999999999792,  136.59999999999792] [83.20000000000064,  83.20000000000064] [250,  433.0]
[136.6999999999979,  136.6999999999979] [83.40000000000065,  83.40000000000065] [250,  433.5]
[136.7999999999979,  136.7999999999979] [83.60000000000065,  83.60000000000065] [250,  434.0]
[136.8999999999979,  136.8999999999979] [83.80000000000065,  83.80000000000065] [250,  434.5]
[136.9999999999979,  136.9999999999979] [84.00000000000065,  84.00000000000065] [250,  435.0]
[137.0999999999979,  137.0999999999979] [84.20000000000066,  84.20000000000066] [250,  435.5]
[137.19999999999789,  137.19999999999789] [84.40000000000066,  84.40000000000066] [250,  436.0]
[137.29999999999788,  137.29999999999788] [84.60000000000066,  84.60000000000066] [250,  436.5]
[137.39999999999787,  137.39999999999787] [84.80000000000067,  84.80000000000067] [250,  437.0]
[137.49999999999787,  137.49999999999787] [85.00000000000067,  85.00000000000067] [250,  437.5]
[137.59999999999786,  137.59999999999786] [85.20000000000067,  85.20000000000067] [250,  438.0]
[137.69999999999786,  137.69999999999786] [85.40000000000067,  85.40000000000067] [250,  438.5]
[137.79999999999785,  137.79999999999785] [85.60000000000068,  85.60000000000068] [250,  439.0]
[137.89999999999785,  137.89999999999785] [85.80000000000068,  85.80000000000068] [250,  439.5]
[137.99999999999784,  137.99999999999784] [86.00000000000068,  86.00000000000068] [250,  440.0]
[138.09999999999783,  138.09999999999783] [86.20000000000068,  86.20000000000068] [250,  440.5]
[138.19999999999783,  138.19999999999783] [86.40000000000069,  86.40000000000069] [250,  441.0]
[138.29999999999782,  138.29999999999782] [86.60000000000069,  86.60000000000069] [250,  441.5]
[138.39999999999782,  138.39999999999782] [86.8000000000007,  86.8000000000007] [250,  442.0]
[138.4999999999978,  138.4999999999978] [87.0000000000007,  87.0000000000007] [250,  442.5]
[138.5999999999978,  138.5999999999978] [87.2000000000007,  87.2000000000007] [250,  443.0]
[138.6999999999978,  138.6999999999978] [87.4000000000007,  87.4000000000007] [250,  443.5]
[138.7999999999978,  138.7999999999978] [87.6000000000007,  87.6000000000007] [250,  444.0]
[138.8999999999978,  138.8999999999978] [87.80000000000071,  87.80000000000071] [250,  444.5]
[138.99999999999778,  138.99999999999778] [88.00000000000071,  88.00000000000071] [250,  445.0]
[139.09999999999778,  139.09999999999778] [88.20000000000071,  88.20000000000071] [250,  445.5]
[139.19999999999777,  139.19999999999777] [88.40000000000072,  88.40000000000072] [250,  446.0]
[139.29999999999777,  139.29999999999777] [88.60000000000072,  88.60000000000072] [250,  446.5]
[139.39999999999776,  139.39999999999776] [88.80000000000072,  88.80000000000072] [250,  447.0]
[139.49999999999775,  139.49999999999775] [89.00000000000072,  89.00000000000072] [250,  447.5]
[139.59999999999775,  139.59999999999775] [89.20000000000073,  89.20000000000073] [250,  448.0]
[139.69999999999774,  139.69999999999774] [89.40000000000073,  89.40000000000073] [250,  448.5]
[139.79999999999774,  139.79999999999774] [89.60000000000073,  89.60000000000073] [250,  449.0]
[139.89999999999773,  139.89999999999773] [89.80000000000074,  89.80000000000074] [250,  449.5]
[139.99999999999773,  139.99999999999773] [90.00000000000074,  90.00000000000074] [250,  450.0]
[140.09999999999772,  140.09999999999772] [90.20000000000074,  90.20000000000074] [250,  450.5]
[140.19999999999771,  140.19999999999771] [90.40000000000074,  90.40000000000074] [250,  451.0]
[140.2999999999977,  140.2999999999977] [90.60000000000075,  90.60000000000075] [250,  451.5]
[140.3999999999977,  140.3999999999977] [90.80000000000075,  90.80000000000075] [250,  452.0]
[140.4999999999977,  140.4999999999977] [91.00000000000075,  91.00000000000075] [250,  452.5]
[140.5999999999977,  140.5999999999977] [91.20000000000076,  91.20000000000076] [250,  453.0]
[140.6999999999977,  140.6999999999977] [91.40000000000076,  91.40000000000076] [250,  453.5]
[140.79999999999768,  140.79999999999768] [91.60000000000076,  91.60000000000076] [250,  454.0]
[140.89999999999768,  140.89999999999768] [91.80000000000076,  91.80000000000076] [250,  454.5]
[140.99999999999767,  140.99999999999767] [92.00000000000077,  92.00000000000077] [250,  455.0]
[141.09999999999766,  141.09999999999766] [92.20000000000077,  92.20000000000077] [250,  455.5]
[141.19999999999766,  141.19999999999766] [92.40000000000077,  92.40000000000077] [250,  456.0]
[141.29999999999765,  141.29999999999765] [92.60000000000078,  92.60000000000078] [250,  456.5]
[141.39999999999765,  141.39999999999765] [92.80000000000078,  92.80000000000078] [250,  457.0]
[141.49999999999764,  141.49999999999764] [93.00000000000078,  93.00000000000078] [250,  457.5]
[141.59999999999764,  141.59999999999764] [93.20000000000078,  93.20000000000078] [250,  458.0]
[141.69999999999763,  141.69999999999763] [93.40000000000079,  93.40000000000079] [250,  458.5]
[141.79999999999762,  141.79999999999762] [93.60000000000079,  93.60000000000079] [250,  459.0]
[141.89999999999762,  141.89999999999762] [93.8000000000008,  93.8000000000008] [250,  459.5]
[141.9999999999976,  141.9999999999976] [94.0000000000008,  94.0000000000008] [250,  460.0]
[142.0999999999976,  142.0999999999976] [94.2000000000008,  94.2000000000008] [250,  460.5]
[142.1999999999976,  142.1999999999976] [94.4000000000008,  94.4000000000008] [250,  461.0]
[142.2999999999976,  142.2999999999976] [94.6000000000008,  94.6000000000008] [250,  461.5]
[142.3999999999976,  142.3999999999976] [94.80000000000081,  94.80000000000081] [250,  462.0]
[142.49999999999758,  142.49999999999758] [95.00000000000081,  95.00000000000081] [250,  462.5]
[142.59999999999758,  142.59999999999758] [95.20000000000081,  95.20000000000081] [250,  463.0]
[142.69999999999757,  142.69999999999757] [95.40000000000082,  95.40000000000082] [250,  463.5]
[142.79999999999757,  142.79999999999757] [95.60000000000082,  95.60000000000082] [250,  464.0]
[142.89999999999756,  142.89999999999756] [95.80000000000082,  95.80000000000082] [250,  464.5]
[142.99999999999756,  142.99999999999756] [96.00000000000082,  96.00000000000082] [250,  465.0]
[143.09999999999755,  143.09999999999755] [96.20000000000083,  96.20000000000083] [250,  465.5]
[143.19999999999754,  143.19999999999754] [96.40000000000083,  96.40000000000083] [250,  466.0]
[143.29999999999754,  143.29999999999754] [96.60000000000083,  96.60000000000083] [250,  466.5]
[143.39999999999753,  143.39999999999753] [96.80000000000084,  96.80000000000084] [250,  467.0]
[143.49999999999753,  143.49999999999753] [97.00000000000084,  97.00000000000084] [250,  467.5]
[143.59999999999752,  143.59999999999752] [97.20000000000084,  97.20000000000084] [250,  468.0]
[143.69999999999752,  143.69999999999752] [97.40000000000084,  97.40000000000084] [250,  468.5]
[143.7999999999975,  143.7999999999975] [97.60000000000085,  97.60000000000085] [250,  469.0]
[143.8999999999975,  143.8999999999975] [97.80000000000085,  97.80000000000085] [250,  469.5]
[143.9999999999975,  143.9999999999975] [98.00000000000085,  98.00000000000085] [250,  470.0]
[144.0999999999975,  144.0999999999975] [98.20000000000086,  98.20000000000086] [250,  470.5]
[144.1999999999975,  144.1999999999975] [98.40000000000086,  98.40000000000086] [250,  471.0]
[144.29999999999748,  144.29999999999748] [98.60000000000086,  98.60000000000086] [250,  471.5]
[144.39999999999748,  144.39999999999748] [98.80000000000086,  98.80000000000086] [250,  472.0]
[144.49999999999747,  144.49999999999747] [99.00000000000087,  99.00000000000087] [250,  472.5]
[144.59999999999746,  144.59999999999746] [99.20000000000087,  99.20000000000087] [250,  473.0]
[144.69999999999746,  144.69999999999746] [99.40000000000087,  99.40000000000087] [250,  473.5]
[144.79999999999745,  144.79999999999745] [99.60000000000088,  99.60000000000088] [250,  474.0]
[144.89999999999745,  144.89999999999745] [99.80000000000088,  99.80000000000088] [250,  474.5]
[144.99999999999744,  144.99999999999744] [100.00000000000088,  100.00000000000088] [250,  475.0]
[145.09999999999744,  145.09999999999744] [100.20000000000088,  100.20000000000088] [250,  475.5]
[145.19999999999743,  145.19999999999743] [100.40000000000089,  100.40000000000089] [250,  476.0]
[145.29999999999742,  145.29999999999742] [100.60000000000089,  100.60000000000089] [250,  476.5]
[145.39999999999742,  145.39999999999742] [100.80000000000089,  100.80000000000089] [250,  477.0]
[145.4999999999974,  145.4999999999974] [101.0000000000009,  101.0000000000009] [250,  477.5]
[145.5999999999974,  145.5999999999974] [101.2000000000009,  101.2000000000009] [250,  478.0]
[145.6999999999974,  145.6999999999974] [101.4000000000009,  101.4000000000009] [250,  478.5]
[145.7999999999974,  145.7999999999974] [101.6000000000009,  101.6000000000009] [250,  479.0]
[145.8999999999974,  145.8999999999974] [101.8000000000009,  101.8000000000009] [250,  479.5]
[145.99999999999739,  145.99999999999739] [102.00000000000091,  102.00000000000091] [250,  480.0]
[146.09999999999738,  146.09999999999738] [102.20000000000091,  102.20000000000091] [250,  480.5]
[146.19999999999737,  146.19999999999737] [102.40000000000092,  102.40000000000092] [250,  481.0]
[146.29999999999737,  146.29999999999737] [102.60000000000092,  102.60000000000092] [250,  481.5]
[146.39999999999736,  146.39999999999736] [102.80000000000092,  102.80000000000092] [250,  482.0]
[146.49999999999736,  146.49999999999736] [103.00000000000092,  103.00000000000092] [250,  482.5]
[146.59999999999735,  146.59999999999735] [103.20000000000093,  103.20000000000093] [250,  483.0]
[146.69999999999735,  146.69999999999735] [103.40000000000093,  103.40000000000093] [250,  483.5]
[146.79999999999734,  146.79999999999734] [103.60000000000093,  103.60000000000093] [250,  484.0]
[146.89999999999733,  146.89999999999733] [103.80000000000094,  103.80000000000094] [250,  484.5]
[146.99999999999733,  146.99999999999733] [104.00000000000094,  104.00000000000094] [250,  485.0]
[147.09999999999732,  147.09999999999732] [104.20000000000094,  104.20000000000094] [250,  485.5]
[147.19999999999732,  147.19999999999732] [104.40000000000094,  104.40000000000094] [250,  486.0]
[147.2999999999973,  147.2999999999973] [104.60000000000095,  104.60000000000095] [250,  486.5]
[147.3999999999973,  147.3999999999973] [104.80000000000095,  104.80000000000095] [250,  487.0]
[147.4999999999973,  147.4999999999973] [105.00000000000095,  105.00000000000095] [250,  487.5]
[147.5999999999973,  147.5999999999973] [105.20000000000095,  105.20000000000095] [250,  488.0]
[147.6999999999973,  147.6999999999973] [105.40000000000096,  105.40000000000096] [250,  488.5]
[147.79999999999728,  147.79999999999728] [105.60000000000096,  105.60000000000096] [250,  489.0]
[147.89999999999728,  147.89999999999728] [105.80000000000096,  105.80000000000096] [250,  489.5]
[147.99999999999727,  147.99999999999727] [106.00000000000097,  106.00000000000097] [250,  490.0]
[148.09999999999727,  148.09999999999727] [106.20000000000097,  106.20000000000097] [250,  490.5]
[148.19999999999726,  148.19999999999726] [106.40000000000097,  106.40000000000097] [250,  491.0]
[148.29999999999725,  148.29999999999725] [106.60000000000097,  106.60000000000097] [250,  491.5]
[148.39999999999725,  148.39999999999725] [106.80000000000098,  106.80000000000098] [250,  492.0]
[148.49999999999724,  148.49999999999724] [107.00000000000098,  107.00000000000098] [250,  492.5]
[148.59999999999724,  148.59999999999724] [107.20000000000098,  107.20000000000098] [250,  493.0]
[148.69999999999723,  148.69999999999723] [107.40000000000099,  107.40000000000099] [250,  493.5]
[148.79999999999723,  148.79999999999723] [107.60000000000099,  107.60000000000099] [250,  494.0]
[148.89999999999722,  148.89999999999722] [107.80000000000099,  107.80000000000099] [250,  494.5]
[148.99999999999721,  148.99999999999721] [108.000000000001,  108.000000000001] [250,  495.0]
[149.0999999999972,  149.0999999999972] [108.200000000001,  108.200000000001] [250,  495.5]
[149.1999999999972,  149.1999999999972] [108.400000000001,  108.400000000001] [250,  496.0]
[149.2999999999972,  149.2999999999972] [108.600000000001,  108.600000000001] [250,  496.5]
[149.3999999999972,  149.3999999999972] [108.800000000001,  108.800000000001] [250,  497.0]
[149.4999999999972,  149.4999999999972] [109.00000000000101,  109.00000000000101] [250,  497.5]
[149.59999999999718,  149.59999999999718] [109.20000000000101,  109.20000000000101] [250,  498.0]
[149.69999999999717,  149.69999999999717] [109.40000000000101,  109.40000000000101] [250,  498.5]
[149.79999999999717,  149.79999999999717] [109.60000000000102,  109.60000000000102] [250,  499.0]
[149.89999999999716,  149.89999999999716] [109.80000000000102,  109.80000000000102] [250,  499.5]
[149.99999999999716,  149.99999999999716] [110.00000000000102,  110.00000000000102] [250,  500.0]
[150.09999999999715,  150.09999999999715] [110.20000000000103,  110.20000000000103] [250,  500.5]
[150.19999999999715,  150.19999999999715] [110.40000000000103,  110.40000000000103] [250,  501.0]
[150.29999999999714,  150.29999999999714] [110.60000000000103,  110.60000000000103] [250,  501.5]
[150.39999999999714,  150.39999999999714] [110.80000000000103,  110.80000000000103] [250,  502.0]
[150.49999999999713,  150.49999999999713] [111.00000000000104,  111.00000000000104] [250,  502.5]
[150.59999999999712,  150.59999999999712] [111.20000000000104,  111.20000000000104] [250,  503.0]
[150.69999999999712,  150.69999999999712] [111.40000000000104,  111.40000000000104] [250,  503.5]
[150.7999999999971,  150.7999999999971] [111.60000000000105,  111.60000000000105] [250,  504.0]
[150.8999999999971,  150.8999999999971] [111.80000000000105,  111.80000000000105] [250,  504.5]
[150.9999999999971,  150.9999999999971] [112.00000000000105,  112.00000000000105] [250,  505.0]
[151.0999999999971,  151.0999999999971] [112.20000000000105,  112.20000000000105] [250,  505.5]
[151.1999999999971,  151.1999999999971] [112.40000000000106,  112.40000000000106] [250,  506.0]
[151.29999999999708,  151.29999999999708] [112.60000000000106,  112.60000000000106] [250,  506.5]
[151.39999999999708,  151.39999999999708] [112.80000000000106,  112.80000000000106] [250,  507.0]
[151.49999999999707,  151.49999999999707] [113.00000000000107,  113.00000000000107] [250,  507.5]
[151.59999999999707,  151.59999999999707] [113.20000000000107,  113.20000000000107] [250,  508.0]
[151.69999999999706,  151.69999999999706] [113.40000000000107,  113.40000000000107] [250,  508.5]
[151.79999999999706,  151.79999999999706] [113.60000000000107,  113.60000000000107] [250,  509.0]
[151.89999999999705,  151.89999999999705] [113.80000000000108,  113.80000000000108] [250,  509.5]
[151.99999999999704,  151.99999999999704] [114.00000000000108,  114.00000000000108] [250,  510.0]
[152.09999999999704,  152.09999999999704] [114.20000000000108,  114.20000000000108] [250,  510.5]
[152.19999999999703,  152.19999999999703] [114.40000000000109,  114.40000000000109] [250,  511.0]
[152.29999999999703,  152.29999999999703] [114.60000000000109,  114.60000000000109] [250,  511.5]
[152.39999999999702,  152.39999999999702] [114.80000000000109,  114.80000000000109] [250,  512.0]
[152.49999999999702,  152.49999999999702] [115.0000000000011,  115.0000000000011] [250,  512.5]
[152.599999999997,  152.599999999997] [115.2000000000011,  115.2000000000011] [250,  513.0]
[152.699999999997,  152.699999999997] [115.4000000000011,  115.4000000000011] [250,  513.5]
[152.799999999997,  152.799999999997] [115.6000000000011,  115.6000000000011] [250,  514.0]
[152.899999999997,  152.899999999997] [115.8000000000011,  115.8000000000011] [250,  514.5]
[152.999999999997,  152.999999999997] [116.00000000000111,  116.00000000000111] [250,  515.0]
[153.09999999999698,  153.09999999999698] [116.20000000000111,  116.20000000000111] [250,  515.5]
[153.19999999999698,  153.19999999999698] [116.40000000000111,  116.40000000000111] [250,  516.0]
[153.29999999999697,  153.29999999999697] [116.60000000000112,  116.60000000000112] [250,  516.5]
[153.39999999999696,  153.39999999999696] [116.80000000000112,  116.80000000000112] [250,  517.0]
[153.49999999999696,  153.49999999999696] [117.00000000000112,  117.00000000000112] [250,  517.5]
[153.59999999999695,  153.59999999999695] [117.20000000000113,  117.20000000000113] [250,  518.0]
[153.69999999999695,  153.69999999999695] [117.40000000000113,  117.40000000000113] [250,  518.5]
[153.79999999999694,  153.79999999999694] [117.60000000000113,  117.60000000000113] [250,  519.0]
[153.89999999999694,  153.89999999999694] [117.80000000000113,  117.80000000000113] [250,  519.5]
[153.99999999999693,  153.99999999999693] [118.00000000000114,  118.00000000000114] [250,  520.0]
[154.09999999999692,  154.09999999999692] [118.20000000000114,  118.20000000000114] [250,  520.5]
[154.19999999999692,  154.19999999999692] [118.40000000000114,  118.40000000000114] [250,  521.0]
[154.2999999999969,  154.2999999999969] [118.60000000000115,  118.60000000000115] [250,  521.5]
[154.3999999999969,  154.3999999999969] [118.80000000000115,  118.80000000000115] [250,  522.0]
[154.4999999999969,  154.4999999999969] [119.00000000000115,  119.00000000000115] [250,  522.5]
[154.5999999999969,  154.5999999999969] [119.20000000000115,  119.20000000000115] [250,  523.0]
[154.6999999999969,  154.6999999999969] [119.40000000000116,  119.40000000000116] [250,  523.5]
[154.79999999999688,  154.79999999999688] [119.60000000000116,  119.60000000000116] [250,  524.0]
[154.89999999999688,  154.89999999999688] [119.80000000000116,  119.80000000000116] [250,  524.5]
[154.99999999999687,  154.99999999999687] [120.00000000000117,  120.00000000000117] [250,  525.0]
[155.09999999999687,  155.09999999999687] [120.20000000000117,  120.20000000000117] [250,  525.5]
[155.19999999999686,  155.19999999999686] [120.40000000000117,  120.40000000000117] [250,  526.0]
[155.29999999999686,  155.29999999999686] [120.60000000000117,  120.60000000000117] [250,  526.5]
[155.39999999999685,  155.39999999999685] [120.80000000000118,  120.80000000000118] [250,  527.0]
[155.49999999999685,  155.49999999999685] [121.00000000000118,  121.00000000000118] [250,  527.5]
[155.59999999999684,  155.59999999999684] [121.20000000000118,  121.20000000000118] [250,  528.0]
[155.69999999999683,  155.69999999999683] [121.40000000000119,  121.40000000000119] [250,  528.5]
[155.79999999999683,  155.79999999999683] [121.60000000000119,  121.60000000000119] [250,  529.0]
[155.89999999999682,  155.89999999999682] [121.80000000000119,  121.80000000000119] [250,  529.5]
[155.99999999999682,  155.99999999999682] [122.0000000000012,  122.0000000000012] [250,  530.0]
[156.0999999999968,  156.0999999999968] [122.2000000000012,  122.2000000000012] [250,  530.5]
[156.1999999999968,  156.1999999999968] [122.4000000000012,  122.4000000000012] [250,  531.0]
[156.2999999999968,  156.2999999999968] [122.6000000000012,  122.6000000000012] [250,  531.5]
[156.3999999999968,  156.3999999999968] [122.8000000000012,  122.8000000000012] [250,  532.0]
[156.4999999999968,  156.4999999999968] [123.00000000000121,  123.00000000000121] [250,  532.5]
[156.59999999999678,  156.59999999999678] [123.20000000000121,  123.20000000000121] [250,  533.0]
[156.69999999999678,  156.69999999999678] [123.40000000000121,  123.40000000000121] [250,  533.5]
[156.79999999999677,  156.79999999999677] [123.60000000000122,  123.60000000000122] [250,  534.0]
[156.89999999999677,  156.89999999999677] [123.80000000000122,  123.80000000000122] [250,  534.5]
[156.99999999999676,  156.99999999999676] [124.00000000000122,  124.00000000000122] [250,  535.0]
[157.09999999999675,  157.09999999999675] [124.20000000000122,  124.20000000000122] [250,  535.5]
[157.19999999999675,  157.19999999999675] [124.40000000000123,  124.40000000000123] [250,  536.0]
[157.29999999999674,  157.29999999999674] [124.60000000000123,  124.60000000000123] [250,  536.5]
[157.39999999999674,  157.39999999999674] [124.80000000000123,  124.80000000000123] [250,  537.0]
[157.49999999999673,  157.49999999999673] [125.00000000000124,  125.00000000000124] [250,  537.5]
[157.59999999999673,  157.59999999999673] [125.20000000000124,  125.20000000000124] [250,  538.0]
[157.69999999999672,  157.69999999999672] [125.40000000000124,  125.40000000000124] [250,  538.5]
[157.79999999999671,  157.79999999999671] [125.60000000000124,  125.60000000000124] [250,  539.0]
[157.8999999999967,  157.8999999999967] [125.80000000000125,  125.80000000000125] [250,  539.5]
[157.9999999999967,  157.9999999999967] [126.00000000000125,  126.00000000000125] [250,  540.0]
[158.0999999999967,  158.0999999999967] [126.20000000000125,  126.20000000000125] [250,  540.5]
[158.1999999999967,  158.1999999999967] [126.40000000000126,  126.40000000000126] [250,  541.0]
[158.2999999999967,  158.2999999999967] [126.60000000000126,  126.60000000000126] [250,  541.5]
[158.39999999999668,  158.39999999999668] [126.80000000000126,  126.80000000000126] [250,  542.0]
[158.49999999999667,  158.49999999999667] [127.00000000000126,  127.00000000000126] [250,  542.5]
[158.59999999999667,  158.59999999999667] [127.20000000000127,  127.20000000000127] [250,  543.0]
[158.69999999999666,  158.69999999999666] [127.40000000000127,  127.40000000000127] [250,  543.5]
[158.79999999999666,  158.79999999999666] [127.60000000000127,  127.60000000000127] [250,  544.0]
[158.89999999999665,  158.89999999999665] [127.80000000000128,  127.80000000000128] [250,  544.5]
[158.99999999999665,  158.99999999999665] [128.00000000000128,  128.00000000000128] [250,  545.0]
[159.09999999999664,  159.09999999999664] [128.20000000000127,  128.20000000000127] [250,  545.5]
[159.19999999999663,  159.19999999999663] [128.40000000000126,  128.40000000000126] [250,  546.0]
[159.29999999999663,  159.29999999999663] [128.60000000000124,  128.60000000000124] [250,  546.5]
[159.39999999999662,  159.39999999999662] [128.80000000000123,  128.80000000000123] [250,  547.0]
[159.49999999999662,  159.49999999999662] [129.00000000000122,  129.00000000000122] [250,  547.5]
[159.5999999999966,  159.5999999999966] [129.2000000000012,  129.2000000000012] [250,  548.0]
[159.6999999999966,  159.6999999999966] [129.4000000000012,  129.4000000000012] [250,  548.5]
[159.7999999999966,  159.7999999999966] [129.6000000000012,  129.6000000000012] [250,  549.0]
[159.8999999999966,  159.8999999999966] [129.80000000000118,  129.80000000000118] [250,  549.5]
[159.9999999999966,  159.9999999999966] [130.00000000000117,  130.00000000000117] [250,  550.0]
[160.09999999999658,  160.09999999999658] [130.20000000000115,  130.20000000000115] [250,  550.5]
[160.19999999999658,  160.19999999999658] [130.40000000000114,  130.40000000000114] [250,  551.0]
[160.29999999999657,  160.29999999999657] [130.60000000000113,  130.60000000000113] [250,  551.5]
[160.39999999999657,  160.39999999999657] [130.80000000000112,  130.80000000000112] [250,  552.0]
[160.49999999999656,  160.49999999999656] [131.0000000000011,  131.0000000000011] [250,  552.5]
[160.59999999999656,  160.59999999999656] [131.2000000000011,  131.2000000000011] [250,  553.0]
[160.69999999999655,  160.69999999999655] [131.40000000000109,  131.40000000000109] [250,  553.5]
[160.79999999999654,  160.79999999999654] [131.60000000000107,  131.60000000000107] [250,  554.0]
[160.89999999999654,  160.89999999999654] [131.80000000000106,  131.80000000000106] [250,  554.5]
[160.99999999999653,  160.99999999999653] [132.00000000000105,  132.00000000000105] [250,  555.0]
[161.09999999999653,  161.09999999999653] [132.20000000000104,  132.20000000000104] [250,  555.5]
[161.19999999999652,  161.19999999999652] [132.40000000000103,  132.40000000000103] [250,  556.0]
[161.29999999999652,  161.29999999999652] [132.60000000000102,  132.60000000000102] [250,  556.5]
[161.3999999999965,  161.3999999999965] [132.800000000001,  132.800000000001] [250,  557.0]
[161.4999999999965,  161.4999999999965] [133.000000000001,  133.000000000001] [250,  557.5]
[161.5999999999965,  161.5999999999965] [133.20000000000098,  133.20000000000098] [250,  558.0]
[161.6999999999965,  161.6999999999965] [133.40000000000097,  133.40000000000097] [250,  558.5]
[161.7999999999965,  161.7999999999965] [133.60000000000096,  133.60000000000096] [250,  559.0]
[161.89999999999648,  161.89999999999648] [133.80000000000095,  133.80000000000095] [250,  559.5]
[161.99999999999648,  161.99999999999648] [134.00000000000094,  134.00000000000094] [250,  560.0]
[162.09999999999647,  162.09999999999647] [134.20000000000093,  134.20000000000093] [250,  560.5]
[162.19999999999646,  162.19999999999646] [134.40000000000092,  134.40000000000092] [250,  561.0]
[162.29999999999646,  162.29999999999646] [134.6000000000009,  134.6000000000009] [250,  561.5]
[162.39999999999645,  162.39999999999645] [134.8000000000009,  134.8000000000009] [250,  562.0]
[162.49999999999645,  162.49999999999645] [135.00000000000088,  135.00000000000088] [250,  562.5]
[162.59999999999644,  162.59999999999644] [135.20000000000087,  135.20000000000087] [250,  563.0]
[162.69999999999644,  162.69999999999644] [135.40000000000086,  135.40000000000086] [250,  563.5]
[162.79999999999643,  162.79999999999643] [135.60000000000085,  135.60000000000085] [250,  564.0]
[162.89999999999642,  162.89999999999642] [135.80000000000084,  135.80000000000084] [250,  564.5]
[162.99999999999642,  162.99999999999642] [136.00000000000082,  136.00000000000082] [250,  565.0]
[163.0999999999964,  163.0999999999964] [136.2000000000008,  136.2000000000008] [250,  565.5]
[163.1999999999964,  163.1999999999964] [136.4000000000008,  136.4000000000008] [250,  566.0]
[163.2999999999964,  163.2999999999964] [136.6000000000008,  136.6000000000008] [250,  566.5]
[163.3999999999964,  163.3999999999964] [136.80000000000078,  136.80000000000078] [250,  567.0]
[163.4999999999964,  163.4999999999964] [137.00000000000077,  137.00000000000077] [250,  567.5]
[163.59999999999638,  163.59999999999638] [137.20000000000076,  137.20000000000076] [250,  568.0]
[163.69999999999638,  163.69999999999638] [137.40000000000074,  137.40000000000074] [250,  568.5]
[163.79999999999637,  163.79999999999637] [137.60000000000073,  137.60000000000073] [250,  569.0]
[163.89999999999637,  163.89999999999637] [137.80000000000072,  137.80000000000072] [250,  569.5]
[163.99999999999636,  163.99999999999636] [138.0000000000007,  138.0000000000007] [250,  570.0]
[164.09999999999636,  164.09999999999636] [138.2000000000007,  138.2000000000007] [250,  570.5]
[164.19999999999635,  164.19999999999635] [138.4000000000007,  138.4000000000007] [250,  571.0]
[164.29999999999634,  164.29999999999634] [138.60000000000068,  138.60000000000068] [250,  571.5]
[164.39999999999634,  164.39999999999634] [138.80000000000067,  138.80000000000067] [250,  572.0]
[164.49999999999633,  164.49999999999633] [139.00000000000065,  139.00000000000065] [250,  572.5]
[164.59999999999633,  164.59999999999633] [139.20000000000064,  139.20000000000064] [250,  573.0]
[164.69999999999632,  164.69999999999632] [139.40000000000063,  139.40000000000063] [250,  573.5]
[164.79999999999632,  164.79999999999632] [139.60000000000062,  139.60000000000062] [250,  574.0]
[164.8999999999963,  164.8999999999963] [139.8000000000006,  139.8000000000006] [250,  574.5]
[164.9999999999963,  164.9999999999963] [140.0000000000006,  140.0000000000006] [250,  575.0]
[165.0999999999963,  165.0999999999963] [140.20000000000059,  140.20000000000059] [250,  575.5]
[165.1999999999963,  165.1999999999963] [140.40000000000057,  140.40000000000057] [250,  576.0]
[165.2999999999963,  165.2999999999963] [140.60000000000056,  140.60000000000056] [250,  576.5]
[165.39999999999628,  165.39999999999628] [140.80000000000055,  140.80000000000055] [250,  577.0]
[165.49999999999628,  165.49999999999628] [141.00000000000054,  141.00000000000054] [250,  577.5]
[165.59999999999627,  165.59999999999627] [141.20000000000053,  141.20000000000053] [250,  578.0]
[165.69999999999627,  165.69999999999627] [141.40000000000052,  141.40000000000052] [250,  578.5]
[165.79999999999626,  165.79999999999626] [141.6000000000005,  141.6000000000005] [250,  579.0]
[165.89999999999625,  165.89999999999625] [141.8000000000005,  141.8000000000005] [250,  579.5]
[165.99999999999625,  165.99999999999625] [142.00000000000048,  142.00000000000048] [250,  580.0]
[166.09999999999624,  166.09999999999624] [142.20000000000047,  142.20000000000047] [250,  580.5]
[166.19999999999624,  166.19999999999624] [142.40000000000046,  142.40000000000046] [250,  581.0]
[166.29999999999623,  166.29999999999623] [142.60000000000045,  142.60000000000045] [250,  581.5]
[166.39999999999623,  166.39999999999623] [142.80000000000044,  142.80000000000044] [250,  582.0]
[166.49999999999622,  166.49999999999622] [143.00000000000043,  143.00000000000043] [250,  582.5]
[166.59999999999621,  166.59999999999621] [143.20000000000041,  143.20000000000041] [250,  583.0]
[166.6999999999962,  166.6999999999962] [143.4000000000004,  143.4000000000004] [250,  583.5]
[166.7999999999962,  166.7999999999962] [143.6000000000004,  143.6000000000004] [250,  584.0]
[166.8999999999962,  166.8999999999962] [143.80000000000038,  143.80000000000038] [250,  584.5]
[166.9999999999962,  166.9999999999962] [144.00000000000037,  144.00000000000037] [250,  585.0]
[167.0999999999962,  167.0999999999962] [144.20000000000036,  144.20000000000036] [250,  585.5]
[167.19999999999618,  167.19999999999618] [144.40000000000035,  144.40000000000035] [250,  586.0]
[167.29999999999617,  167.29999999999617] [144.60000000000034,  144.60000000000034] [250,  586.5]
[167.39999999999617,  167.39999999999617] [144.80000000000032,  144.80000000000032] [250,  587.0]
[167.49999999999616,  167.49999999999616] [145.0000000000003,  145.0000000000003] [250,  587.5]
[167.59999999999616,  167.59999999999616] [145.2000000000003,  145.2000000000003] [250,  588.0]
[167.69999999999615,  167.69999999999615] [145.4000000000003,  145.4000000000003] [250,  588.5]
[167.79999999999615,  167.79999999999615] [145.60000000000028,  145.60000000000028] [250,  589.0]
[167.89999999999614,  167.89999999999614] [145.80000000000027,  145.80000000000027] [250,  589.5]
[167.99999999999613,  167.99999999999613] [146.00000000000026,  146.00000000000026] [250,  590.0]
[168.09999999999613,  168.09999999999613] [146.20000000000024,  146.20000000000024] [250,  590.5]
[168.19999999999612,  168.19999999999612] [146.40000000000023,  146.40000000000023] [250,  591.0]
[168.29999999999612,  168.29999999999612] [146.60000000000022,  146.60000000000022] [250,  591.5]
[168.3999999999961,  168.3999999999961] [146.8000000000002,  146.8000000000002] [250,  592.0]
[168.4999999999961,  168.4999999999961] [147.0000000000002,  147.0000000000002] [250,  592.5]
[168.5999999999961,  168.5999999999961] [147.2000000000002,  147.2000000000002] [250,  593.0]
[168.6999999999961,  168.6999999999961] [147.40000000000018,  147.40000000000018] [250,  593.5]
[168.7999999999961,  168.7999999999961] [147.60000000000016,  147.60000000000016] [250,  594.0]
[168.89999999999608,  168.89999999999608] [147.80000000000015,  147.80000000000015] [250,  594.5]
[168.99999999999608,  168.99999999999608] [148.00000000000014,  148.00000000000014] [250,  595.0]
[169.09999999999607,  169.09999999999607] [148.20000000000013,  148.20000000000013] [250,  595.5]
[169.19999999999607,  169.19999999999607] [148.40000000000012,  148.40000000000012] [250,  596.0]
[169.29999999999606,  169.29999999999606] [148.6000000000001,  148.6000000000001] [250,  596.5]
[169.39999999999606,  169.39999999999606] [148.8000000000001,  148.8000000000001] [250,  597.0]
[169.49999999999605,  169.49999999999605] [149.00000000000009,  149.00000000000009] [250,  597.5]
[169.59999999999604,  169.59999999999604] [149.20000000000007,  149.20000000000007] [250,  598.0]
[169.69999999999604,  169.69999999999604] [149.40000000000006,  149.40000000000006] [250,  598.5]
[169.79999999999603,  169.79999999999603] [149.60000000000005,  149.60000000000005] [250,  599.0]
[169.89999999999603,  169.89999999999603] [149.80000000000004,  149.80000000000004] [250,  599.5]
[169.99999999999602,  169.99999999999602] [150.00000000000003,  150.00000000000003] [250,  600.0]
[170.09999999999602,  170.09999999999602] [150.20000000000002,  150.20000000000002] [250,  600.5]
[170.199999999996,  170.199999999996] [150.4,  150.4] [250,  601.0]
[170.299999999996,  170.299999999996] [150.6,  150.6] [250,  601.5]
[170.399999999996,  170.399999999996] [150.79999999999998,  150.79999999999998] [250,  602.0]
[170.499999999996,  170.499999999996] [150.99999999999997,  150.99999999999997] [250,  602.5]
[170.599999999996,  170.599999999996] [151.19999999999996,  151.19999999999996] [250,  603.0]
[170.69999999999598,  170.69999999999598] [151.39999999999995,  151.39999999999995] [250,  603.5]
[170.79999999999598,  170.79999999999598] [151.59999999999994,  151.59999999999994] [250,  604.0]
[170.89999999999597,  170.89999999999597] [151.79999999999993,  151.79999999999993] [250,  604.5]
[170.99999999999596,  170.99999999999596] [151.99999999999991,  151.99999999999991] [250,  605.0]
[171.09999999999596,  171.09999999999596] [152.1999999999999,  152.1999999999999] [250,  605.5]
[171.19999999999595,  171.19999999999595] [152.3999999999999,  152.3999999999999] [250,  606.0]
[171.29999999999595,  171.29999999999595] [152.59999999999988,  152.59999999999988] [250,  606.5]
[171.39999999999594,  171.39999999999594] [152.79999999999987,  152.79999999999987] [250,  607.0]
[171.49999999999594,  171.49999999999594] [152.99999999999986,  152.99999999999986] [250,  607.5]
[171.59999999999593,  171.59999999999593] [153.19999999999985,  153.19999999999985] [250,  608.0]
[171.69999999999592,  171.69999999999592] [153.39999999999984,  153.39999999999984] [250,  608.5]
[171.79999999999592,  171.79999999999592] [153.59999999999982,  153.59999999999982] [250,  609.0]
[171.8999999999959,  171.8999999999959] [153.7999999999998,  153.7999999999998] [250,  609.5]
[171.9999999999959,  171.9999999999959] [153.9999999999998,  153.9999999999998] [250,  610.0]
[172.0999999999959,  172.0999999999959] [154.1999999999998,  154.1999999999998] [250,  610.5]
[172.1999999999959,  172.1999999999959] [154.39999999999978,  154.39999999999978] [250,  611.0]
[172.2999999999959,  172.2999999999959] [154.59999999999977,  154.59999999999977] [250,  611.5]
[172.39999999999588,  172.39999999999588] [154.79999999999976,  154.79999999999976] [250,  612.0]
[172.49999999999588,  172.49999999999588] [154.99999999999974,  154.99999999999974] [250,  612.5]
[172.59999999999587,  172.59999999999587] [155.19999999999973,  155.19999999999973] [250,  613.0]
[172.69999999999587,  172.69999999999587] [155.39999999999972,  155.39999999999972] [250,  613.5]
[172.79999999999586,  172.79999999999586] [155.5999999999997,  155.5999999999997] [250,  614.0]
[172.89999999999586,  172.89999999999586] [155.7999999999997,  155.7999999999997] [250,  614.5]
[172.99999999999585,  172.99999999999585] [155.9999999999997,  155.9999999999997] [250,  615.0]
[173.09999999999584,  173.09999999999584] [156.19999999999968,  156.19999999999968] [250,  615.5]
[173.19999999999584,  173.19999999999584] [156.39999999999966,  156.39999999999966] [250,  616.0]
[173.29999999999583,  173.29999999999583] [156.59999999999965,  156.59999999999965] [250,  616.5]
[173.39999999999583,  173.39999999999583] [156.79999999999964,  156.79999999999964] [250,  617.0]
[173.49999999999582,  173.49999999999582] [156.99999999999963,  156.99999999999963] [250,  617.5]
[173.59999999999582,  173.59999999999582] [157.19999999999962,  157.19999999999962] [250,  618.0]
[173.6999999999958,  173.6999999999958] [157.3999999999996,  157.3999999999996] [250,  618.5]
[173.7999999999958,  173.7999999999958] [157.5999999999996,  157.5999999999996] [250,  619.0]
[173.8999999999958,  173.8999999999958] [157.79999999999959,  157.79999999999959] [250,  619.5]
[173.9999999999958,  173.9999999999958] [157.99999999999957,  157.99999999999957] [250,  620.0]
[174.0999999999958,  174.0999999999958] [158.19999999999956,  158.19999999999956] [250,  620.5]
[174.19999999999578,  174.19999999999578] [158.39999999999955,  158.39999999999955] [250,  621.0]
[174.29999999999578,  174.29999999999578] [158.59999999999954,  158.59999999999954] [250,  621.5]
[174.39999999999577,  174.39999999999577] [158.79999999999953,  158.79999999999953] [250,  622.0]
[174.49999999999577,  174.49999999999577] [158.99999999999952,  158.99999999999952] [250,  622.5]
[174.59999999999576,  174.59999999999576] [159.1999999999995,  159.1999999999995] [250,  623.0]
[174.69999999999575,  174.69999999999575] [159.3999999999995,  159.3999999999995] [250,  623.5]
[174.79999999999575,  174.79999999999575] [159.59999999999948,  159.59999999999948] [250,  624.0]
[174.89999999999574,  174.89999999999574] [159.79999999999947,  159.79999999999947] [250,  624.5]
[174.99999999999574,  174.99999999999574] [159.99999999999946,  159.99999999999946] [250,  625.0]
[175.09999999999573,  175.09999999999573] [160.19999999999945,  160.19999999999945] [250,  625.5]
[175.19999999999573,  175.19999999999573] [160.39999999999944,  160.39999999999944] [250,  626.0]
[175.29999999999572,  175.29999999999572] [160.59999999999943,  160.59999999999943] [250,  626.5]
[175.3999999999957,  175.3999999999957] [160.79999999999941,  160.79999999999941] [250,  627.0]
[175.4999999999957,  175.4999999999957] [160.9999999999994,  160.9999999999994] [250,  627.5]
[175.5999999999957,  175.5999999999957] [161.1999999999994,  161.1999999999994] [250,  628.0]
[175.6999999999957,  175.6999999999957] [161.39999999999938,  161.39999999999938] [250,  628.5]
[175.7999999999957,  175.7999999999957] [161.59999999999937,  161.59999999999937] [250,  629.0]
[175.89999999999569,  175.89999999999569] [161.79999999999936,  161.79999999999936] [250,  629.5]
[175.99999999999568,  175.99999999999568] [161.99999999999935,  161.99999999999935] [250,  630.0]
[176.09999999999567,  176.09999999999567] [162.19999999999933,  162.19999999999933] [250,  630.5]
[176.19999999999567,  176.19999999999567] [162.39999999999932,  162.39999999999932] [250,  631.0]
[176.29999999999566,  176.29999999999566] [162.5999999999993,  162.5999999999993] [250,  631.5]
[176.39999999999566,  176.39999999999566] [162.7999999999993,  162.7999999999993] [250,  632.0]
[176.49999999999565,  176.49999999999565] [162.9999999999993,  162.9999999999993] [250,  632.5]
[176.59999999999565,  176.59999999999565] [163.19999999999928,  163.19999999999928] [250,  633.0]
[176.69999999999564,  176.69999999999564] [163.39999999999927,  163.39999999999927] [250,  633.5]
[176.79999999999563,  176.79999999999563] [163.59999999999926,  163.59999999999926] [250,  634.0]
[176.89999999999563,  176.89999999999563] [163.79999999999924,  163.79999999999924] [250,  634.5]
[176.99999999999562,  176.99999999999562] [163.99999999999923,  163.99999999999923] [250,  635.0]
[177.09999999999562,  177.09999999999562] [164.19999999999922,  164.19999999999922] [250,  635.5]
[177.1999999999956,  177.1999999999956] [164.3999999999992,  164.3999999999992] [250,  636.0]
[177.2999999999956,  177.2999999999956] [164.5999999999992,  164.5999999999992] [250,  636.5]
[177.3999999999956,  177.3999999999956] [164.7999999999992,  164.7999999999992] [250,  637.0]
[177.4999999999956,  177.4999999999956] [164.99999999999918,  164.99999999999918] [250,  637.5]
[177.5999999999956,  177.5999999999956] [165.19999999999916,  165.19999999999916] [250,  638.0]
[177.69999999999558,  177.69999999999558] [165.39999999999915,  165.39999999999915] [250,  638.5]
[177.79999999999558,  177.79999999999558] [165.59999999999914,  165.59999999999914] [250,  639.0]
[177.89999999999557,  177.89999999999557] [165.79999999999913,  165.79999999999913] [250,  639.5]
[177.99999999999557,  177.99999999999557] [165.99999999999912,  165.99999999999912] [250,  640.0]
[178.09999999999556,  178.09999999999556] [166.1999999999991,  166.1999999999991] [250,  640.5]
[178.19999999999555,  178.19999999999555] [166.3999999999991,  166.3999999999991] [250,  641.0]
[178.29999999999555,  178.29999999999555] [166.59999999999908,  166.59999999999908] [250,  641.5]
[178.39999999999554,  178.39999999999554] [166.79999999999907,  166.79999999999907] [250,  642.0]
[178.49999999999554,  178.49999999999554] [166.99999999999906,  166.99999999999906] [250,  642.5]
[178.59999999999553,  178.59999999999553] [167.19999999999905,  167.19999999999905] [250,  643.0]
[178.69999999999553,  178.69999999999553] [167.39999999999904,  167.39999999999904] [250,  643.5]
[178.79999999999552,  178.79999999999552] [167.59999999999903,  167.59999999999903] [250,  644.0]
[178.89999999999552,  178.89999999999552] [167.79999999999902,  167.79999999999902] [250,  644.5]
[178.9999999999955,  178.9999999999955] [167.999999999999,  167.999999999999] [250,  645.0]
[179.0999999999955,  179.0999999999955] [168.199999999999,  168.199999999999] [250,  645.5]
[179.1999999999955,  179.1999999999955] [168.39999999999898,  168.39999999999898] [250,  646.0]
[179.2999999999955,  179.2999999999955] [168.59999999999897,  168.59999999999897] [250,  646.5]
[179.3999999999955,  179.3999999999955] [168.79999999999896,  168.79999999999896] [250,  647.0]
[179.49999999999548,  179.49999999999548] [168.99999999999895,  168.99999999999895] [250,  647.5]
[179.59999999999548,  179.59999999999548] [169.19999999999894,  169.19999999999894] [250,  648.0]
[179.69999999999547,  179.69999999999547] [169.39999999999893,  169.39999999999893] [250,  648.5]
[179.79999999999546,  179.79999999999546] [169.59999999999891,  169.59999999999891] [250,  649.0]
[179.89999999999546,  179.89999999999546] [169.7999999999989,  169.7999999999989] [250,  649.5]
[179.99999999999545,  179.99999999999545] [169.9999999999989,  169.9999999999989] [250,  650.0]
[180.09999999999545,  180.09999999999545] [170.19999999999888,  170.19999999999888] [250,  650.5]
[180.19999999999544,  180.19999999999544] [170.39999999999887,  170.39999999999887] [250,  651.0]
[180.29999999999544,  180.29999999999544] [170.59999999999886,  170.59999999999886] [250,  651.5]
[180.39999999999543,  180.39999999999543] [170.79999999999885,  170.79999999999885] [250,  652.0]
[180.49999999999542,  180.49999999999542] [170.99999999999883,  170.99999999999883] [250,  652.5]
[180.59999999999542,  180.59999999999542] [171.19999999999882,  171.19999999999882] [250,  653.0]
[180.6999999999954,  180.6999999999954] [171.3999999999988,  171.3999999999988] [250,  653.5]
[180.7999999999954,  180.7999999999954] [171.5999999999988,  171.5999999999988] [250,  654.0]
[180.8999999999954,  180.8999999999954] [171.7999999999988,  171.7999999999988] [250,  654.5]
[180.9999999999954,  180.9999999999954] [171.99999999999878,  171.99999999999878] [250,  655.0]
[181.0999999999954,  181.0999999999954] [172.19999999999877,  172.19999999999877] [250,  655.5]
[181.19999999999538,  181.19999999999538] [172.39999999999876,  172.39999999999876] [250,  656.0]
[181.29999999999538,  181.29999999999538] [172.59999999999874,  172.59999999999874] [250,  656.5]
[181.39999999999537,  181.39999999999537] [172.79999999999873,  172.79999999999873] [250,  657.0]
[181.49999999999537,  181.49999999999537] [172.99999999999872,  172.99999999999872] [250,  657.5]
[181.59999999999536,  181.59999999999536] [173.1999999999987,  173.1999999999987] [250,  658.0]
[181.69999999999536,  181.69999999999536] [173.3999999999987,  173.3999999999987] [250,  658.5]
[181.79999999999535,  181.79999999999535] [173.5999999999987,  173.5999999999987] [250,  659.0]
[181.89999999999534,  181.89999999999534] [173.79999999999868,  173.79999999999868] [250,  659.5]
[181.99999999999534,  181.99999999999534] [173.99999999999866,  173.99999999999866] [250,  660.0]
[182.09999999999533,  182.09999999999533] [174.19999999999865,  174.19999999999865] [250,  660.5]
[182.19999999999533,  182.19999999999533] [174.39999999999864,  174.39999999999864] [250,  661.0]
[182.29999999999532,  182.29999999999532] [174.59999999999863,  174.59999999999863] [250,  661.5]
[182.39999999999532,  182.39999999999532] [174.79999999999862,  174.79999999999862] [250,  662.0]
[182.4999999999953,  182.4999999999953] [174.9999999999986,  174.9999999999986] [250,  662.5]
[182.5999999999953,  182.5999999999953] [175.1999999999986,  175.1999999999986] [250,  663.0]
[182.6999999999953,  182.6999999999953] [175.39999999999858,  175.39999999999858] [250,  663.5]
[182.7999999999953,  182.7999999999953] [175.59999999999857,  175.59999999999857] [250,  664.0]
[182.8999999999953,  182.8999999999953] [175.79999999999856,  175.79999999999856] [250,  664.5]
[182.99999999999528,  182.99999999999528] [175.99999999999855,  175.99999999999855] [250,  665.0]
[183.09999999999528,  183.09999999999528] [176.19999999999854,  176.19999999999854] [250,  665.5]
[183.19999999999527,  183.19999999999527] [176.39999999999853,  176.39999999999853] [250,  666.0]
[183.29999999999526,  183.29999999999526] [176.59999999999852,  176.59999999999852] [250,  666.5]
[183.39999999999526,  183.39999999999526] [176.7999999999985,  176.7999999999985] [250,  667.0]
[183.49999999999525,  183.49999999999525] [176.9999999999985,  176.9999999999985] [250,  667.5]
[183.59999999999525,  183.59999999999525] [177.19999999999848,  177.19999999999848] [250,  668.0]
[183.69999999999524,  183.69999999999524] [177.39999999999847,  177.39999999999847] [250,  668.5]
[183.79999999999524,  183.79999999999524] [177.59999999999846,  177.59999999999846] [250,  669.0]
[183.89999999999523,  183.89999999999523] [177.79999999999845,  177.79999999999845] [250,  669.5]
[183.99999999999523,  183.99999999999523] [177.99999999999844,  177.99999999999844] [250,  670.0]
[184.09999999999522,  184.09999999999522] [178.19999999999843,  178.19999999999843] [250,  670.5]
[184.1999999999952,  184.1999999999952] [178.3999999999984,  178.3999999999984] [250,  671.0]
[184.2999999999952,  184.2999999999952] [178.5999999999984,  178.5999999999984] [250,  671.5]
[184.3999999999952,  184.3999999999952] [178.7999999999984,  178.7999999999984] [250,  672.0]
[184.4999999999952,  184.4999999999952] [178.99999999999838,  178.99999999999838] [250,  672.5]
[184.5999999999952,  184.5999999999952] [179.19999999999837,  179.19999999999837] [250,  673.0]
[184.69999999999519,  184.69999999999519] [179.39999999999836,  179.39999999999836] [250,  673.5]
[184.79999999999518,  184.79999999999518] [179.59999999999835,  179.59999999999835] [250,  674.0]
[184.89999999999517,  184.89999999999517] [179.79999999999833,  179.79999999999833] [250,  674.5]
[184.99999999999517,  184.99999999999517] [179.99999999999832,  179.99999999999832] [250,  675.0]
[185.09999999999516,  185.09999999999516] [180.1999999999983,  180.1999999999983] [250,  675.5]
[185.19999999999516,  185.19999999999516] [180.3999999999983,  180.3999999999983] [250,  676.0]
[185.29999999999515,  185.29999999999515] [180.5999999999983,  180.5999999999983] [250,  676.5]
[185.39999999999515,  185.39999999999515] [180.79999999999828,  180.79999999999828] [250,  677.0]
[185.49999999999514,  185.49999999999514] [180.99999999999827,  180.99999999999827] [250,  677.5]
[185.59999999999513,  185.59999999999513] [181.19999999999825,  181.19999999999825] [250,  678.0]
[185.69999999999513,  185.69999999999513] [181.39999999999824,  181.39999999999824] [250,  678.5]
[185.79999999999512,  185.79999999999512] [181.59999999999823,  181.59999999999823] [250,  679.0]
[185.89999999999512,  185.89999999999512] [181.79999999999822,  181.79999999999822] [250,  679.5]
[185.9999999999951,  185.9999999999951] [181.9999999999982,  181.9999999999982] [250,  680.0]
[186.0999999999951,  186.0999999999951] [182.1999999999982,  182.1999999999982] [250,  680.5]
[186.1999999999951,  186.1999999999951] [182.3999999999982,  182.3999999999982] [250,  681.0]
[186.2999999999951,  186.2999999999951] [182.59999999999818,  182.59999999999818] [250,  681.5]
[186.3999999999951,  186.3999999999951] [182.79999999999816,  182.79999999999816] [250,  682.0]
[186.49999999999508,  186.49999999999508] [182.99999999999815,  182.99999999999815] [250,  682.5]
[186.59999999999508,  186.59999999999508] [183.19999999999814,  183.19999999999814] [250,  683.0]
[186.69999999999507,  186.69999999999507] [183.39999999999813,  183.39999999999813] [250,  683.5]
[186.79999999999507,  186.79999999999507] [183.59999999999812,  183.59999999999812] [250,  684.0]
[186.89999999999506,  186.89999999999506] [183.7999999999981,  183.7999999999981] [250,  684.5]
[186.99999999999505,  186.99999999999505] [183.9999999999981,  183.9999999999981] [250,  685.0]
[187.09999999999505,  187.09999999999505] [184.19999999999808,  184.19999999999808] [250,  685.5]
[187.19999999999504,  187.19999999999504] [184.39999999999807,  184.39999999999807] [250,  686.0]
[187.29999999999504,  187.29999999999504] [184.59999999999806,  184.59999999999806] [250,  686.5]
[187.39999999999503,  187.39999999999503] [184.79999999999805,  184.79999999999805] [250,  687.0]
[187.49999999999503,  187.49999999999503] [184.99999999999804,  184.99999999999804] [250,  687.5]
[187.59999999999502,  187.59999999999502] [185.19999999999803,  185.19999999999803] [250,  688.0]
[187.69999999999501,  187.69999999999501] [185.39999999999802,  185.39999999999802] [250,  688.5]
[187.799999999995,  187.799999999995] [185.599999999998,  185.599999999998] [250,  689.0]
[187.899999999995,  187.899999999995] [185.799999999998,  185.799999999998] [250,  689.5]
[187.999999999995,  187.999999999995] [185.99999999999798,  185.99999999999798] [250,  690.0]
[188.099999999995,  188.099999999995] [186.19999999999797,  186.19999999999797] [250,  690.5]
[188.199999999995,  188.199999999995] [186.39999999999796,  186.39999999999796] [250,  691.0]
[188.29999999999498,  188.29999999999498] [186.59999999999795,  186.59999999999795] [250,  691.5]
[188.39999999999498,  188.39999999999498] [186.79999999999794,  186.79999999999794] [250,  692.0]
[188.49999999999497,  188.49999999999497] [186.99999999999793,  186.99999999999793] [250,  692.5]
[188.59999999999496,  188.59999999999496] [187.1999999999979,  187.1999999999979] [250,  693.0]
[188.69999999999496,  188.69999999999496] [187.3999999999979,  187.3999999999979] [250,  693.5]
[188.79999999999495,  188.79999999999495] [187.5999999999979,  187.5999999999979] [250,  694.0]
[188.89999999999495,  188.89999999999495] [187.79999999999788,  187.79999999999788] [250,  694.5]
[188.99999999999494,  188.99999999999494] [187.99999999999787,  187.99999999999787] [250,  695.0]
[189.09999999999494,  189.09999999999494] [188.19999999999786,  188.19999999999786] [250,  695.5]
[189.19999999999493,  189.19999999999493] [188.39999999999785,  188.39999999999785] [250,  696.0]
[189.29999999999492,  189.29999999999492] [188.59999999999783,  188.59999999999783] [250,  696.5]
[189.39999999999492,  189.39999999999492] [188.79999999999782,  188.79999999999782] [250,  697.0]
[189.4999999999949,  189.4999999999949] [188.9999999999978,  188.9999999999978] [250,  697.5]
[189.5999999999949,  189.5999999999949] [189.1999999999978,  189.1999999999978] [250,  698.0]
[189.6999999999949,  189.6999999999949] [189.3999999999978,  189.3999999999978] [250,  698.5]
[189.7999999999949,  189.7999999999949] [189.59999999999778,  189.59999999999778] [250,  699.0]
[189.8999999999949,  189.8999999999949] [189.79999999999777,  189.79999999999777] [250,  699.5]
[189.99999999999488,  189.99999999999488] [189.99999999999775,  189.99999999999775] [250,  700.0]
[190.09999999999488,  190.09999999999488] [190.19999999999774,  190.19999999999774] [250,  700.5]
[190.19999999999487,  190.19999999999487] [190.39999999999773,  190.39999999999773] [250,  701.0]
[190.29999999999487,  190.29999999999487] [190.59999999999772,  190.59999999999772] [250,  701.5]
[190.39999999999486,  190.39999999999486] [190.7999999999977,  190.7999999999977] [250,  702.0]
[190.49999999999486,  190.49999999999486] [190.9999999999977,  190.9999999999977] [250,  702.5]
[190.59999999999485,  190.59999999999485] [191.1999999999977,  191.1999999999977] [250,  703.0]
[190.69999999999484,  190.69999999999484] [191.39999999999768,  191.39999999999768] [250,  703.5]
[190.79999999999484,  190.79999999999484] [191.59999999999766,  191.59999999999766] [250,  704.0]
[190.89999999999483,  190.89999999999483] [191.79999999999765,  191.79999999999765] [250,  704.5]
[190.99999999999483,  190.99999999999483] [191.99999999999764,  191.99999999999764] [250,  705.0]
[191.09999999999482,  191.09999999999482] [192.19999999999763,  192.19999999999763] [250,  705.5]
[191.19999999999482,  191.19999999999482] [192.39999999999762,  192.39999999999762] [250,  706.0]
[191.2999999999948,  191.2999999999948] [192.5999999999976,  192.5999999999976] [250,  706.5]
[191.3999999999948,  191.3999999999948] [192.7999999999976,  192.7999999999976] [250,  707.0]
[191.4999999999948,  191.4999999999948] [192.99999999999758,  192.99999999999758] [250,  707.5]
[191.5999999999948,  191.5999999999948] [193.19999999999757,  193.19999999999757] [250,  708.0]
[191.6999999999948,  191.6999999999948] [193.39999999999756,  193.39999999999756] [250,  708.5]
[191.79999999999478,  191.79999999999478] [193.59999999999755,  193.59999999999755] [250,  709.0]
[191.89999999999478,  191.89999999999478] [193.79999999999754,  193.79999999999754] [250,  709.5]
[191.99999999999477,  191.99999999999477] [193.99999999999753,  193.99999999999753] [250,  710.0]
[192.09999999999476,  192.09999999999476] [194.19999999999752,  194.19999999999752] [250,  710.5]
[192.19999999999476,  192.19999999999476] [194.3999999999975,  194.3999999999975] [250,  711.0]
[192.29999999999475,  192.29999999999475] [194.5999999999975,  194.5999999999975] [250,  711.5]
[192.39999999999475,  192.39999999999475] [194.79999999999748,  194.79999999999748] [250,  712.0]
[192.49999999999474,  192.49999999999474] [194.99999999999747,  194.99999999999747] [250,  712.5]
[192.59999999999474,  192.59999999999474] [195.19999999999746,  195.19999999999746] [250,  713.0]
[192.69999999999473,  192.69999999999473] [195.39999999999745,  195.39999999999745] [250,  713.5]
[192.79999999999472,  192.79999999999472] [195.59999999999744,  195.59999999999744] [250,  714.0]
[192.89999999999472,  192.89999999999472] [195.79999999999742,  195.79999999999742] [250,  714.5]
[192.9999999999947,  192.9999999999947] [195.9999999999974,  195.9999999999974] [250,  715.0]
[193.0999999999947,  193.0999999999947] [196.1999999999974,  196.1999999999974] [250,  715.5]
[193.1999999999947,  193.1999999999947] [196.3999999999974,  196.3999999999974] [250,  716.0]
[193.2999999999947,  193.2999999999947] [196.59999999999738,  196.59999999999738] [250,  716.5]
[193.3999999999947,  193.3999999999947] [196.79999999999737,  196.79999999999737] [250,  717.0]
[193.49999999999469,  193.49999999999469] [196.99999999999736,  196.99999999999736] [250,  717.5]
[193.59999999999468,  193.59999999999468] [197.19999999999735,  197.19999999999735] [250,  718.0]
[193.69999999999467,  193.69999999999467] [197.39999999999733,  197.39999999999733] [250,  718.5]
[193.79999999999467,  193.79999999999467] [197.59999999999732,  197.59999999999732] [250,  719.0]
[193.89999999999466,  193.89999999999466] [197.7999999999973,  197.7999999999973] [250,  719.5]
[193.99999999999466,  193.99999999999466] [197.9999999999973,  197.9999999999973] [250,  720.0]
[194.09999999999465,  194.09999999999465] [198.1999999999973,  198.1999999999973] [250,  720.5]
[194.19999999999465,  194.19999999999465] [198.39999999999728,  198.39999999999728] [250,  721.0]
[194.29999999999464,  194.29999999999464] [198.59999999999727,  198.59999999999727] [250,  721.5]
[194.39999999999463,  194.39999999999463] [198.79999999999725,  198.79999999999725] [250,  722.0]
[194.49999999999463,  194.49999999999463] [198.99999999999724,  198.99999999999724] [250,  722.5]
[194.59999999999462,  194.59999999999462] [199.19999999999723,  199.19999999999723] [250,  723.0]
[194.69999999999462,  194.69999999999462] [199.39999999999722,  199.39999999999722] [250,  723.5]
[194.7999999999946,  194.7999999999946] [199.5999999999972,  199.5999999999972] [250,  724.0]
[194.8999999999946,  194.8999999999946] [199.7999999999972,  199.7999999999972] [250,  724.5]
[194.9999999999946,  194.9999999999946] [199.9999999999972,  199.9999999999972] [250,  725.0]
[195.0999999999946,  195.0999999999946] [200.19999999999717,  200.19999999999717] [250,  725.5]
[195.1999999999946,  195.1999999999946] [200.39999999999716,  200.39999999999716] [250,  726.0]
[195.29999999999458,  195.29999999999458] [200.59999999999715,  200.59999999999715] [250,  726.5]
[195.39999999999458,  195.39999999999458] [200.79999999999714,  200.79999999999714] [250,  727.0]
[195.49999999999457,  195.49999999999457] [200.99999999999713,  200.99999999999713] [250,  727.5]
[195.59999999999457,  195.59999999999457] [201.19999999999712,  201.19999999999712] [250,  728.0]
[195.69999999999456,  195.69999999999456] [201.3999999999971,  201.3999999999971] [250,  728.5]
[195.79999999999455,  195.79999999999455] [201.5999999999971,  201.5999999999971] [250,  729.0]
[195.89999999999455,  195.89999999999455] [201.79999999999708,  201.79999999999708] [250,  729.5]
[195.99999999999454,  195.99999999999454] [201.99999999999707,  201.99999999999707] [250,  730.0]
[196.09999999999454,  196.09999999999454] [202.19999999999706,  202.19999999999706] [250,  730.5]
[196.19999999999453,  196.19999999999453] [202.39999999999705,  202.39999999999705] [250,  731.0]
[196.29999999999453,  196.29999999999453] [202.59999999999704,  202.59999999999704] [250,  731.5]
[196.39999999999452,  196.39999999999452] [202.79999999999703,  202.79999999999703] [250,  732.0]
[196.49999999999451,  196.49999999999451] [202.99999999999702,  202.99999999999702] [250,  732.5]
[196.5999999999945,  196.5999999999945] [203.199999999997,  203.199999999997] [250,  733.0]
[196.6999999999945,  196.6999999999945] [203.399999999997,  203.399999999997] [250,  733.5]
[196.7999999999945,  196.7999999999945] [203.59999999999698,  203.59999999999698] [250,  734.0]
[196.8999999999945,  196.8999999999945] [203.79999999999697,  203.79999999999697] [250,  734.5]
[196.9999999999945,  196.9999999999945] [203.99999999999696,  203.99999999999696] [250,  735.0]
[197.09999999999448,  197.09999999999448] [204.19999999999695,  204.19999999999695] [250,  735.5]
[197.19999999999447,  197.19999999999447] [204.39999999999694,  204.39999999999694] [250,  736.0]
[197.29999999999447,  197.29999999999447] [204.59999999999692,  204.59999999999692] [250,  736.5]
[197.39999999999446,  197.39999999999446] [204.7999999999969,  204.7999999999969] [250,  737.0]
[197.49999999999446,  197.49999999999446] [204.9999999999969,  204.9999999999969] [250,  737.5]
[197.59999999999445,  197.59999999999445] [205.1999999999969,  205.1999999999969] [250,  738.0]
[197.69999999999445,  197.69999999999445] [205.39999999999688,  205.39999999999688] [250,  738.5]
[197.79999999999444,  197.79999999999444] [205.59999999999687,  205.59999999999687] [250,  739.0]
[197.89999999999444,  197.89999999999444] [205.79999999999686,  205.79999999999686] [250,  739.5]
[197.99999999999443,  197.99999999999443] [205.99999999999685,  205.99999999999685] [250,  740.0]
[198.09999999999442,  198.09999999999442] [206.19999999999683,  206.19999999999683] [250,  740.5]
[198.19999999999442,  198.19999999999442] [206.39999999999682,  206.39999999999682] [250,  741.0]
[198.2999999999944,  198.2999999999944] [206.5999999999968,  206.5999999999968] [250,  741.5]
[198.3999999999944,  198.3999999999944] [206.7999999999968,  206.7999999999968] [250,  742.0]
[198.4999999999944,  198.4999999999944] [206.9999999999968,  206.9999999999968] [250,  742.5]
[198.5999999999944,  198.5999999999944] [207.19999999999678,  207.19999999999678] [250,  743.0]
[198.6999999999944,  198.6999999999944] [207.39999999999677,  207.39999999999677] [250,  743.5]
[198.79999999999438,  198.79999999999438] [207.59999999999675,  207.59999999999675] [250,  744.0]
[198.89999999999438,  198.89999999999438] [207.79999999999674,  207.79999999999674] [250,  744.5]
[198.99999999999437,  198.99999999999437] [207.99999999999673,  207.99999999999673] [250,  745.0]
[199.09999999999437,  199.09999999999437] [208.19999999999672,  208.19999999999672] [250,  745.5]
[199.19999999999436,  199.19999999999436] [208.3999999999967,  208.3999999999967] [250,  746.0]
[199.29999999999436,  199.29999999999436] [208.5999999999967,  208.5999999999967] [250,  746.5]
[199.39999999999435,  199.39999999999435] [208.7999999999967,  208.7999999999967] [250,  747.0]
[199.49999999999434,  199.49999999999434] [208.99999999999667,  208.99999999999667] [250,  747.5]
[199.59999999999434,  199.59999999999434] [209.19999999999666,  209.19999999999666] [250,  748.0]
[199.69999999999433,  199.69999999999433] [209.39999999999665,  209.39999999999665] [250,  748.5]
[199.79999999999433,  199.79999999999433] [209.59999999999664,  209.59999999999664] [250,  749.0]
[199.89999999999432,  199.89999999999432] [209.79999999999663,  209.79999999999663] [250,  749.5]
